Ref,Common_group,Common_species,Genus,Species,fp,fpn,fp_last,ad,adn,ad_last
151,,Bateleur,Terathopius,ecaudatus,5.4085,17841,2024-05-31,2.8875,8798,2024-05-30
722,,Bokmakierie,Telophorus,zeylonus,28.9512,95501,2024-06-01,5.0192,15293,2024-09-08
731,,Brubru,Nilaus,afer,9.9576,32847,2024-05-31,1.5265,4651,2024-05-21
1102,,Budgerigar,Melopsittacus,undulatus,0.0049,16,2023-12-23,0.0013,4,2023-11-07
273,,Crab-plover,Dromas,ardeola,0.0091,30,2022-12-31,0.0023,7,2023-01-21
885,,Garganey,Spatula,querquedula,0.0003,1,2008-10-31,0.0000,0,-
72,,Hamerkop,Scopus,umbretta,13.1786,43472,2024-06-01,2.5528,7778,2024-05-30
10015,,"Hybrid Mallard",Anas,hybrid,0.4732,1561,2024-05-18,0.0476,145,2024-05-10
1016,,Mallard,Anas,platyrhynchos,2.2403,7390,2024-05-26,0.1969,600,2024-05-19
637,,Neddicky,Cisticola,fulvicapilla,31.2318,103024,2024-06-01,4.5558,13881,2024-05-30
844,,Quailfinch,Ortygospiza,atricollis,8.1411,26855,2024-05-31,1.1612,3538,2024-05-29
256,,Ruff,Calidris,pugnax,4.6506,15341,2024-05-16,0.7611,2319,2024-04-03
255,,Sanderling,Calidris,alba,1.3730,4529,2024-05-25,0.2294,699,2024-04-20
105,,Secretarybird,Sagittarius,serpentarius,3.4050,11232,2024-06-01,1.6617,5063,2024-05-31
161,,Shikra,Accipiter,badius,0.6590,2174,2024-05-26,0.1401,427,2024-05-18
577,,Whinchat,Saxicola,rubetra,0.0018,6,2023-11-12,0.0000,0,-
10,Albatross,"Atlantic Yellow-nosed",Thalassarche,chlororhynchos,0.0003,1,2016-05-14,0.0000,0,-
4151,Albatross,"Atlantic Yellow-nosed",Thalassarche,chlororhynchos,0.0012,4,2021-10-16,0.0007,2,2020-09-29
8,Albatross,Black-browed,Thalassarche,melanophris,0.0285,94,2023-12-30,0.0079,24,2024-05-08
9,Albatross,Grey-headed,Thalassarche,chrysostoma,0.0003,1,2020-06-11,0.0000,0,-
1079,Albatross,"Indian Yellow-nosed",Thalassarche,carteri,0.0312,103,2023-09-03,0.0102,31,2023-08-25
4150,Albatross,Shy,Thalassarche,cauta,0.0691,228,2024-05-17,0.0253,77,2024-05-08
11,Albatross,Shy,Thalassarche,cauta,0.0130,43,2016-09-24,0.0030,9,2016-09-04
622,Apalis,Bar-throated,Apalis,thoracica,22.8876,75499,2024-05-31,3.3585,10233,2024-05-27
624,Apalis,Rudd's,Apalis,ruddi,0.9286,3063,2024-05-26,0.1716,523,2024-04-30
625,Apalis,Yellow-breasted,Apalis,flavida,7.9817,26329,2024-05-31,1.0919,3327,2024-05-22
269,Avocet,Pied,Recurvirostra,avosetta,4.6885,15466,2024-05-29,0.9561,2913,2024-06-01
533,Babbler,Arrow-marked,Turdoides,jardineii,16.0533,52955,2024-05-31,3.6893,11241,2024-05-31
536,Babbler,"Southern Pied",Turdoides,bicolor,1.8274,6028,2024-05-28,0.4506,1373,2024-06-01
432,Barbet,"Acacia Pied",Tricholaema,leucomelas,19.0491,62837,2024-06-01,2.9607,9021,2024-05-28
431,Barbet,Black-collared,Lybius,torquatus,34.8062,114815,2024-06-01,5.6280,17148,2024-05-31
439,Barbet,Crested,Trachyphonus,vaillantii,33.3169,109902,2024-06-01,5.6700,17276,2024-05-31
435,Barbet,Green,Stactolaema,olivacea,0.0488,161,2024-04-27,0.0354,108,2024-01-19
433,Barbet,White-eared,Stactolaema,leucotis,2.8675,9459,2024-05-31,0.5855,1784,2024-05-26
672,Batis,Cape,Batis,capensis,8.8875,29317,2024-05-30,1.1543,3517,2024-05-29
673,Batis,Chinspot,Batis,molitor,19.4101,64028,2024-05-31,3.6782,11207,2024-05-26
674,Batis,Pririt,Batis,pririt,4.3445,14331,2024-05-30,0.5471,1667,2024-05-14
676,Batis,Woodward's,Batis,fratrum,0.1634,539,2024-05-12,0.0295,90,2024-03-16
405,Bee-eater,Blue-cheeked,Merops,persicus,1.3296,4386,2024-04-28,0.4897,1492,2024-04-30
404,Bee-eater,European,Merops,apiaster,16.6169,54814,2024-04-30,3.5698,10877,2024-04-13
410,Bee-eater,Little,Merops,pusillus,6.1203,20189,2024-05-31,1.2767,3890,2024-05-30
406,Bee-eater,Olive,Merops,superciliosus,0.0003,1,2021-12-28,0.0000,0,-
407,Bee-eater,"Southern Carmine",Merops,nubicoides,1.1156,3680,2024-03-27,0.5894,1796,2024-03-23
411,Bee-eater,Swallow-tailed,Merops,hirundineus,1.7252,5691,2024-05-29,0.5566,1696,2024-05-19
409,Bee-eater,White-fronted,Merops,bullockoides,9.4816,31277,2024-05-31,1.8501,5637,2024-05-30
1034,Bee-eater,White-throated,Merops,albicollis,0.0033,11,2023-02-23,0.0013,4,2023-12-17
808,Bishop,"Southern Red",Euplectes,orix,39.7785,131217,2024-06-01,7.7803,23706,2024-05-31
810,Bishop,Yellow,Euplectes,capensis,7.8213,25800,2024-05-31,1.3696,4173,2024-05-31
812,Bishop,Yellow-crowned,Euplectes,afer,5.9942,19773,2024-05-26,1.2534,3819,2024-05-23
66,Bittern,Dwarf,Ixobrychus,sturmii,0.3517,1160,2024-04-28,0.1021,311,2024-03-28
71,Bittern,Eurasian,Botaurus,stellaris,0.0030,10,2022-01-10,0.0007,2,2021-11-27
67,Bittern,Little,Ixobrychus,minutus,1.7680,5832,2024-05-27,0.2160,658,2024-05-18
969,Blackcap,Blackcap,Sylvia,atricapilla,0.0024,8,2017-07-20,0.0020,6,2017-07-20
542,Blackcap,Bush,Sylvia,nigricapillus,0.4844,1598,2024-05-17,0.0804,245,2024-05-05
46,Booby,Brown,Sula,leucogaster,0.0015,5,2024-03-05,0.0003,1,2024-01-20
1027,Booby,Red-footed,Sula,sula,0.0000,0,-,0.0003,1,2015-04-06
977,Boubou,"Ethiopian ",Laniarius,aethiopicus,0.5918,1952,2022-09-29,0.0463,141,2019-04-26
709,Boubou,Southern,Laniarius,ferrugineus,35.6341,117546,2024-05-31,5.9263,18057,2024-05-30
7866,Boubou,Tropical,Laniarius,major,0.6339,2091,2024-05-27,0.0735,224,2024-04-19
454,Broadbill,African,Smithornis,capensis,0.1270,419,2024-04-11,0.0223,68,2024-05-05
546,Brownbul,Terrestrial,Phyllastrephus,terrestris,7.8040,25743,2024-05-31,0.7860,2395,2024-05-26
544,Bulbul,"African Red-eyed",Pycnonotus,nigricans,12.6656,41780,2024-06-01,2.0641,6289,2024-05-25
543,Bulbul,Cape,Pycnonotus,capensis,14.6116,48199,2024-05-31,2.9348,8942,2024-05-31
3036,Bulbul,Dark-capped,Pycnonotus,tricolor,0.0003,1,2014-09-21,0.0000,0,-
545,Bulbul,Dark-capped,Pycnonotus,tricolor,48.0633,158546,2024-06-01,12.0795,36805,2024-05-30
10013,Bulbul,"Hybrid Red-eyed/Dark-capped",Pycnonotus,nigricans/tricolor,0.0185,61,2024-04-30,0.0003,1,2020-07-23
873,Bunting,Cape,Emberiza,capensis,9.7348,32112,2024-05-30,1.7487,5328,2024-05-23
872,Bunting,Cinnamon-breasted,Emberiza,tahapisi,8.9193,29422,2024-05-30,1.7880,5448,2024-05-31
874,Bunting,Golden-breasted,Emberiza,flaviventris,10.8722,35864,2024-05-31,2.0664,6296,2024-06-01
871,Bunting,Lark-like,Emberiza,impetuani,4.2277,13946,2024-06-01,1.0079,3071,2024-05-23
720,Bushshrike,Black-fronted,Chlorophoneus,nigrifrons,0.0900,297,2024-02-01,0.0282,86,2024-04-20
721,Bushshrike,Gorgeous,Telophorus,viridis,3.3886,11178,2024-05-26,0.5212,1588,2024-05-18
723,Bushshrike,Grey-headed,Malaconotus,blanchoti,8.7135,28743,2024-05-31,1.3778,4198,2024-05-22
717,Bushshrike,Olive,Chlorophoneus,olivaceus,5.4607,18013,2024-05-27,0.5753,1753,2024-05-27
719,Bushshrike,Orange-breasted,Chlorophoneus,sulfureopectus,11.9541,39433,2024-05-30,2.1179,6453,2024-05-21
227,Bustard,Black-bellied,Lissotis,melanogaster,0.6251,2062,2024-05-04,0.2672,814,2024-04-20
219,Bustard,Denham's,Neotis,denhami,2.0920,6901,2024-05-31,0.6039,1840,2024-05-26
217,Bustard,Kori,Ardeotis,kori,1.5352,5064,2024-05-30,0.9787,2982,2024-05-20
218,Bustard,Ludwig's,Neotis,ludwigii,1.4794,4880,2024-05-30,0.4782,1457,2024-05-04
222,Bustard,White-bellied,Eupodotis,senegalensis,0.5830,1923,2024-05-10,0.1602,488,2024-05-25
4128,Buttonquail,Black-rumped,Turnix,nanus,0.0421,139,2024-01-17,0.0085,26,2023-12-07
196,Buttonquail,Common,Turnix,sylvaticus,1.0613,3501,2024-05-08,0.2475,754,2024-05-19
1346,Buttonquail,"Fynbos ",Turnix,hottentottus,0.0324,107,2024-05-11,0.0167,51,2024-05-02
153,Buzzard,Augur,Buteo,augur,0.0000,0,-,0.0003,1,2011-10-09
154,Buzzard,Common,Buteo,buteo,12.6675,41786,2024-05-31,3.9604,12067,2024-05-25
2140,Buzzard,"Crested Honey",Pernis,ptilorhynchus,0.0012,4,2022-03-30,0.0023,7,2021-02-23
155,Buzzard,Forest,Buteo,trizonatus,1.5673,5170,2024-05-28,0.3364,1025,2024-05-29
152,Buzzard,Jackal,Buteo,rufofuscus,15.6523,51632,2024-05-31,4.3854,13362,2024-06-01
144,Buzzard,Lizard,Kaupifalco,monogrammicus,1.1104,3663,2024-05-31,0.2386,727,2024-05-17
2104,Buzzard,Red-necked,Buteo,auguralis,0.0058,19,2017-02-04,0.0056,17,2017-02-09
627,Camaroptera,Green-backed,Camaroptera,brachyura,13.7039,45205,2024-05-31,2.3269,7090,2024-05-30
628,Camaroptera,Grey-backed,Camaroptera,brevicaudata,4.6691,15402,2024-05-29,0.7207,2196,2024-05-13
861,Canary,Black-headed,Serinus,alario,1.6179,5337,2024-05-30,0.3072,936,2024-05-15
4102,Canary,"Black-headed (Damara sub-sp)",Serinus,"alario leucolaema",0.0179,59,2024-05-25,0.0026,8,2023-12-02
860,Canary,Black-throated,Crithagra,atrogularis,17.1514,56577,2024-06-01,2.0670,6298,2024-05-25
863,Canary,Brimstone,Crithagra,sulphurata,7.7352,25516,2024-05-31,0.8888,2708,2024-05-27
857,Canary,Cape,Serinus,canicollis,14.6125,48202,2024-05-30,2.5990,7919,2024-05-29
858,Canary,Forest,Crithagra,scotops,2.7402,9039,2024-05-30,0.4237,1291,2024-05-28
921,Canary,Lemon-breasted,Crithagra,citrinipectus,0.3853,1271,2024-05-24,0.0748,228,2024-03-20
869,Canary,"Protea ",Crithagra,leucoptera,0.2110,696,2024-05-19,0.0555,169,2024-05-29
865,Canary,White-throated,Crithagra,albogularis,6.9515,22931,2024-05-31,1.0155,3094,2024-05-29
866,Canary,Yellow,Crithagra,flaviventris,14.8704,49053,2024-06-01,2.6197,7982,2024-05-27
859,Canary,Yellow-fronted,Crithagra,mozambica,25.5926,84422,2024-05-31,4.1747,12720,2024-05-30
870,Chaffinch,Common,Fringilla,coelebs,0.3992,1317,2024-05-18,0.1047,319,2024-03-21
575,Chat,"Ant-eating ",Myrmecocichla,formicivora,14.8180,48880,2024-06-01,4.3395,13222,2024-05-29
574,Chat,Arnot's,Myrmecocichla,arnotti,0.0876,289,2024-03-22,0.0318,97,2024-03-17
538,Chat,Boulder,Pinarornis,plumosus,0.0024,8,2021-08-22,0.0013,4,2022-10-27
569,Chat,Buff-streaked,Campicoloides,bifasciatus,1.8268,6026,2024-05-30,0.4345,1324,2024-05-25
570,Chat,Familiar,Oenanthe,familiaris,18.8517,62186,2024-06-01,3.5249,10740,2024-09-08
566,Chat,Karoo,Emarginata,schlegelii,2.8235,9314,2024-05-30,0.9577,2918,2024-05-21
573,Chat,"Mocking Cliff",Thamnolaea,cinnamomeiventris,3.6254,11959,2024-05-29,0.7470,2276,2024-05-26
572,Chat,Sickle-winged,Emarginata,sinuata,1.7707,5841,2024-06-01,0.4142,1262,2024-05-27
571,Chat,Tractrac,Emarginata,tractrac,0.7094,2340,2024-05-11,0.2045,623,2024-03-30
631,Cisticola,Cloud,Cisticola,textrix,6.0154,19843,2024-05-31,0.9843,2999,2024-05-29
647,Cisticola,Croaking,Cisticola,natalensis,2.4349,8032,2024-05-25,0.3948,1203,2024-05-29
630,Cisticola,Desert,Cisticola,aridulus,5.9381,19588,2024-06-01,0.8756,2668,2024-05-17
638,Cisticola,Grey-backed,Cisticola,subruficapilla,8.9636,29568,2024-06-01,1.2685,3865,2024-05-27
648,Cisticola,Lazy,Cisticola,aberrans,4.7182,15564,2024-05-29,0.5819,1773,2024-05-18
646,Cisticola,Levaillant's,Cisticola,tinniens,27.8383,91830,2024-06-01,3.7018,11279,2024-05-29
635,Cisticola,Pale-crowned,Cisticola,cinnamomeus,0.6227,2054,2024-05-19,0.1526,465,2024-05-12
642,Cisticola,Rattling,Cisticola,chiniana,17.0298,56176,2024-05-31,5.4265,16534,2024-05-31
644,Cisticola,Red-faced,Cisticola,erythrops,4.4584,14707,2024-05-30,0.6384,1945,2024-05-19
4138,Cisticola,Rufous-winged,Cisticola,galactotes,0.8212,2709,2024-05-19,0.1336,407,2024-04-30
641,Cisticola,Tinkling,Cisticola,rufilatus,0.1582,522,2024-04-06,0.0328,100,2024-02-19
639,Cisticola,Wailing,Cisticola,lais,3.1391,10355,2024-05-30,0.4841,1475,2024-05-09
634,Cisticola,Wing-snapping,Cisticola,ayresii,4.0137,13240,2024-05-21,0.7736,2357,2024-05-16
629,Cisticola,Zitting,Cisticola,juncidis,19.7597,65181,2024-06-01,3.7595,11455,2024-05-31
212,Coot,Red-knobbed,Fulica,cristata,29.7703,98203,2024-06-01,5.7173,17420,2024-06-01
49,Cormorant,Bank,Phalacrocorax,neglectus,0.4523,1492,2024-05-24,0.1332,406,2024-05-25
48,Cormorant,Cape,Phalacrocorax,capensis,4.9683,16389,2024-05-28,1.0424,3176,2024-06-01
51,Cormorant,Crowned,Microcarbo,coronatus,1.1308,3730,2024-05-26,0.2567,782,2024-05-19
50,Cormorant,Reed,Microcarbo,africanus,37.0859,122335,2024-06-01,6.0067,18302,2024-09-08
47,Cormorant,"White-breasted ",Phalacrocorax,lucidus,23.1071,76223,2024-06-01,4.0159,12236,2024-09-08
353,Coucal,Black,Centropus,grillii,0.0531,175,2024-03-13,0.0256,78,2024-02-19
356,Coucal,Burchell's,Centropus,burchellii,0.0000,0,-,0.0007,2,2018-07-13
4131,Coucal,Burchell's,Centropus,burchellii,18.5928,61332,2024-05-30,3.0857,9402,2024-05-31
355,Coucal,Senegal,Centropus,senegalensis,0.0828,273,2024-02-15,0.0213,65,2024-02-26
280,Courser,Bronze-winged,Rhinoptilus,chalcopterus,0.6306,2080,2024-05-26,0.1237,377,2024-04-13
276,Courser,Burchell's,Cursorius,rufus,0.1540,508,2024-03-23,0.0423,129,2024-02-16
278,Courser,Double-banded,Rhinoptilus,africanus,0.9634,3178,2024-05-29,0.2294,699,2024-03-30
277,Courser,Temminck's,Cursorius,temminckii,0.7921,2613,2024-05-25,0.2868,874,2024-05-18
279,Courser,Three-banded,Rhinoptilus,cinctus,0.1795,592,2024-05-26,0.0072,22,2024-01-27
199,Crake,African,Crecopsis,egregia,0.3010,993,2024-03-31,0.0889,271,2024-03-13
202,Crake,Baillon's,Zapornia,pusilla,0.1128,372,2024-03-03,0.0197,60,2024-02-29
203,Crake,Black,Zapornia,flavirostra,11.5640,38146,2024-05-29,1.6367,4987,2024-05-31
198,Crake,Corn,Crex,crex,0.0434,143,2024-01-26,0.0098,30,2022-12-20
1934,Crake,Little,Zapornia,parva,0.0006,2,2012-03-24,0.0000,0,-
201,Crake,Spotted,Porzana,porzana,0.0549,181,2022-04-06,0.0131,40,2022-03-24
200,Crake,Striped,Aenigmatolimnas,marginalis,0.0188,62,2024-02-10,0.0020,6,2024-01-05
216,Crane,Blue,Grus,paradisea,7.4466,24564,2024-06-01,2.7011,8230,2024-05-27
214,Crane,"Grey Crowned",Balearica,regulorum,2.7090,8936,2024-05-25,0.8605,2622,2024-05-29
215,Crane,Wattled,Grus,carunculata,0.3159,1042,2024-05-24,0.1424,434,2024-05-28
621,Crombec,Long-billed,Sylvietta,rufescens,18.7590,61880,2024-05-31,3.4638,10554,2024-06-01
523,Crow,Cape,Corvus,capensis,12.9894,42848,2024-05-31,4.7540,14485,2024-05-30
989,Crow,House,Corvus,splendens,0.2392,789,2024-05-25,0.1267,386,2024-05-25
522,Crow,Pied,Corvus,albus,41.1336,135687,2024-06-01,12.9640,39500,2024-09-08
341,Cuckoo,African,Cuculus,gularis,0.9422,3108,2024-03-29,0.2002,610,2024-03-25
350,Cuckoo,"African Emerald",Chrysococcyx,cupreus,1.3775,4544,2024-05-24,0.2212,674,2024-02-18
344,Cuckoo,Black,Cuculus,clamosus,5.9824,19734,2024-04-20,0.8947,2726,2024-04-13
340,Cuckoo,Common,Cuculus,canorus,0.1443,476,2024-03-25,0.0512,156,2024-02-26
352,Cuckoo,Diederik,Chrysococcyx,caprius,21.2063,69953,2024-05-13,3.9680,12090,2024-04-14
346,Cuckoo,"Great Spotted",Clamator,glandarius,0.8622,2844,2024-05-01,0.2442,744,2024-05-13
348,Cuckoo,Jacobin,Clamator,jacobinus,3.8021,12542,2024-04-19,0.7821,2383,2024-04-19
351,Cuckoo,Klaas's,Chrysococcyx,klaas,8.9308,29460,2024-05-28,1.3778,4198,2024-05-25
347,Cuckoo,Levaillant's,Clamator,levaillantii,2.1927,7233,2024-04-20,0.4759,1450,2024-04-24
1620,Cuckoo,Madagascan,Cuculus,rochii,0.0270,89,2022-12-17,0.0079,24,2023-10-11
343,Cuckoo,Red-chested,Cuculus,solitarius,12.7784,42152,2024-03-29,2.5491,7767,2024-03-22
345,Cuckoo,Thick-billed,Pachycoccyx,audeberti,0.0773,255,2024-03-02,0.0092,28,2024-01-04
127,Cuckoo-Hawk,African,Aviceda,cuculoides,0.3410,1125,2024-05-26,0.0847,258,2024-05-22
513,Cuckooshrike,Black,Campephaga,flava,4.9353,16280,2024-05-25,0.5757,1754,2024-04-28
516,Cuckooshrike,"Grey ",Ceblepyris,caesius,1.2526,4132,2024-05-30,0.1999,609,2024-05-19
515,Cuckooshrike,"White-breasted ",Ceblepyris,pectoralis,0.0352,116,2024-04-07,0.0085,26,2023-04-25
267,Curlew,Eurasian,Numenius,arquata,0.3271,1079,2024-05-11,0.0558,170,2024-05-14
52,Darter,African,Anhinga,rufa,18.2673,60258,2024-06-01,2.7444,8362,2024-05-29
320,Dove,"Blue-spotted Wood",Turtur,afer,0.0239,79,2024-01-02,0.0220,67,2024-02-18
316,Dove,"Cape Turtle",Streptopelia,capicola,68.0631,224519,2024-06-01,16.8604,51372,2024-05-31
321,Dove,"Emerald-spotted Wood",Turtur,chalcospilos,14.1968,46831,2024-05-31,3.3608,10240,2024-05-24
317,Dove,Laughing,Spilopelia,senegalensis,61.3722,202448,2024-06-01,15.7103,47868,2024-09-08
322,Dove,Lemon,Columba,larvata,1.2047,3974,2024-05-30,0.1825,556,2024-05-27
315,Dove,"Mourning Collared",Streptopelia,decipiens,1.5115,4986,2024-05-27,0.2941,896,2024-05-22
318,Dove,Namaqua,Oena,capensis,13.5621,44737,2024-06-01,3.6325,11068,2024-05-28
314,Dove,Red-eyed,Streptopelia,semitorquata,62.0446,204666,2024-06-01,12.4227,37851,2024-05-31
940,Dove,Rock,Columba,livia,19.0324,62782,2024-06-01,4.2660,12998,2024-05-26
319,Dove,Tambourine,Turtur,tympanistria,6.2719,20689,2024-05-30,0.7631,2325,2024-05-19
518,Drongo,"Common Square-tailed",Dicrurus,ludwigii,2.3249,7669,2024-05-30,0.3866,1178,2024-05-19
517,Drongo,Fork-tailed,Dicrurus,adsimilis,43.4184,143224,2024-05-31,2.5262,7697,2024-06-01
10989,Drongo,Glossy-backed,Dicrurus,divaricatus,0.0000,0,-,0.0003,1,2022-03-28
95,Duck,"African Black",Anas,sparsa,10.1889,33610,2024-06-01,1.1901,3626,2024-05-27
10006,Duck,Domestic,Anas,platyrhynchos,0.4435,1463,2024-05-21,0.0479,146,2024-01-20
101,Duck,"Fulvous Whistling",Dendrocygna,bicolor,1.1996,3957,2024-06-01,0.2235,681,2024-05-25
1338,Duck,Hartlaub's,Pteronetta,hartlaubii,0.0003,1,2019-01-30,0.0000,0,-
10005,Duck,Hybrid,Anas,hybrid,0.0797,263,2024-05-23,0.0030,9,2020-10-22
974,Duck,"Hybrid Red/Yellow-billed",Anas,erythroryncha/undulata,0.0036,12,2023-08-11,0.0016,5,2024-01-13
10034,Duck,"Hyrbid Mallard/Yellow-billed",Anas,"platyrhynchos x undulata",0.0009,3,2021-08-21,0.0003,1,2020-08-15
91,Duck,Knob-billed,Sarkidiornis,melanotos,2.0278,6689,2024-05-26,0.6406,1952,2024-04-29
103,Duck,Maccoa,Oxyura,maccoa,1.4603,4817,2024-05-29,0.3784,1153,2024-05-25
1017,Duck,Mandarin,Aix,galericulata,0.2692,888,2023-12-05,0.0108,33,2023-08-04
10003,Duck,Muscovy,Cairina,moschata,0.0658,217,2024-04-12,0.0089,27,2023-11-01
1334,Duck,Ruddy,Oxyura,jamaicensis,0.0006,2,2022-08-02,0.0000,0,-
1298,Duck,Tufted,Aythya,fuligula,0.0009,3,2017-11-03,0.0000,0,-
10014,Duck,Unidentified,N/A,N/A,0.0064,21,2017-10-21,0.0003,1,2014-09-28
104,Duck,White-backed,Thalassornis,leuconotus,1.5691,5176,2024-05-29,0.4086,1245,2024-05-28
100,Duck,"White-faced Whistling",Dendrocygna,viduata,13.5436,44676,2024-05-31,2.7054,8243,2024-05-25
10020,Duck,Wood,Aix,sponsa,0.0894,295,2024-03-17,0.0082,25,2023-12-28
96,Duck,Yellow-billed,Anas,undulata,34.7180,114524,2024-06-01,5.8955,17963,2024-09-08
149,Eagle,"African Fish",Haliaeetus,vocifer,19.5156,64376,2024-06-01,4.1685,12701,2024-05-31
146,Eagle,"Black-chested Snake",Circaetus,pectoralis,3.1834,10501,2024-05-31,0.9908,3019,2024-05-24
139,Eagle,Booted,Hieraaetus,pennatus,2.2212,7327,2024-05-26,0.5373,1637,2024-05-13
145,Eagle,"Brown Snake ",Circaetus,cinereus,3.4547,11396,2024-05-30,1.4707,4481,2024-06-01
143,Eagle,"Crowned ",Stephanoaetus,coronatus,2.1678,7151,2024-05-29,0.3906,1190,2024-05-12
136,Eagle,"Lesser Spotted",Clanga,pomarina,0.5751,1897,2024-05-12,0.2649,807,2024-02-27
138,Eagle,Long-crested,Lophaetus,occipitalis,5.3658,17700,2024-06-01,1.4129,4305,2024-05-30
142,Eagle,Martial,Polemaetus,bellicosus,2.6483,8736,2024-05-31,1.1195,3411,2024-05-24
147,Eagle,"Southern Banded Snake ",Circaetus,fasciolatus,0.1861,614,2024-05-02,0.0594,181,2024-03-16
135,Eagle,Steppe,Aquila,nipalensis,0.1734,572,2024-04-22,0.0768,234,2024-02-19
134,Eagle,Tawny,Aquila,rapax,2.7065,8928,2024-05-30,1.3138,4003,2024-05-30
133,Eagle,Verreaux's,Aquila,verreauxii,3.6960,12192,2024-05-30,0.8750,2666,2024-05-28
137,Eagle,Wahlberg's,Hieraaetus,wahlbergi,4.1135,13569,2024-04-19,1.3351,4068,2024-04-28
367,Eagle-Owl,Cape,Bubo,capensis,0.2734,902,2024-05-25,0.0617,188,2024-04-26
368,Eagle-Owl,Spotted,Bubo,africanus,6.9340,22873,2024-05-29,1.2577,3832,2024-05-28
369,Eagle-Owl,Verreaux's,Bubo,lacteus,1.3790,4549,2024-05-25,0.2655,809,2024-05-08
58,Egret,Great,Ardea,alba,5.6995,18801,2024-05-30,1.5045,4584,2024-05-30
60,Egret,Intermediate,Ardea,intermedia,3.6878,12165,2024-05-26,0.7841,2389,2024-05-24
59,Egret,Little,Egretta,garzetta,15.6893,51754,2024-06-01,2.9558,9006,2024-09-08
982,Egret,Slaty,Egretta,vinaceigula,0.0327,108,2023-12-06,0.0158,48,2023-09-16
2192,Egret,Snowy,Egretta,thula,0.0049,16,2015-06-27,0.0023,7,2015-06-20
61,Egret,"Western Cattle",Bubulcus,ibis,36.6282,120825,2024-06-01,8.9914,27396,2024-09-08
601,Eremomela,Burnt-necked,Eremomela,usticollis,3.3204,10953,2024-05-31,0.4493,1369,2024-05-18
602,Eremomela,Green-capped,Eremomela,scotops,0.5426,1790,2024-05-29,0.0916,279,2024-01-10
626,Eremomela,Karoo,Eremomela,gregalis,0.4047,1335,2024-05-22,0.1273,388,2024-05-05
600,Eremomela,Yellow-bellied,Eremomela,icteropygialis,3.4944,11527,2024-06-01,0.4368,1331,2024-05-24
119,Falcon,Amur,Falco,amurensis,5.6889,18766,2024-05-11,2.0890,6365,2024-05-22
114,Falcon,Lanner,Falco,biarmicus,4.1413,13661,2024-05-29,1.1041,3364,2024-05-28
113,Falcon,Peregrine,Falco,peregrinus,2.2130,7300,2024-05-29,0.4450,1356,2024-05-31
126,Falcon,Pygmy,Polihierax,semitorquatus,0.6527,2153,2024-05-09,0.1933,589,2024-04-16
120,Falcon,Red-footed,Falco,vespertinus,0.1579,521,2024-03-23,0.0647,197,2024-04-01
117,Falcon,Red-necked,Falco,chicquera,0.0837,276,2024-04-25,0.0450,137,2024-01-29
888,Falcon,Sooty,Falco,concolor,0.0358,118,2024-03-22,0.0220,67,2023-03-26
887,Falcon,Taita,Falco,fasciinucha,0.0088,29,2020-10-24,0.0194,59,2021-11-15
854,Finch,Cuckoo,Anomalospiza,imberbis,0.2698,890,2024-03-22,0.0548,167,2024-03-22
821,Finch,Cut-throat,Amadina,fasciata,3.0073,9920,2024-05-29,0.5074,1546,2024-05-26
10078,Finch,"Hybrid Cut-throat/Red-headed",Amadina,fasciata/erythrocephala,0.0003,1,2022-05-29,0.0000,0,-
820,Finch,Red-headed,Amadina,erythrocephala,8.4276,27800,2024-06-01,1.4293,4355,2024-06-01
213,Finfoot,African,Podica,senegalensis,0.3410,1125,2024-05-29,0.0784,239,2024-05-25
833,Firefinch,African,Lagonosticta,rubricata,7.1410,23556,2024-05-30,0.8520,2596,2024-05-14
835,Firefinch,Jameson's,Lagonosticta,rhodopareia,5.1523,16996,2024-06-01,0.7611,2319,2024-05-18
837,Firefinch,Red-billed,Lagonosticta,senegala,6.9891,23055,2024-05-30,1.0289,3135,2024-05-28
707,Fiscal,"Southern ",Lanius,collaris,60.3976,199233,2024-06-01,14.4510,44031,2024-09-08
86,Flamingo,"Greater ",Phoenicopterus,roseus,5.8978,19455,2024-06-01,1.6230,4945,2024-05-27
87,Flamingo,Lesser,Phoeniconaias,minor,2.5565,8433,2024-06-01,0.7060,2151,2024-05-27
206,Flufftail,Buff-spotted,Sarothrura,elegans,0.6205,2047,2024-05-26,0.1083,330,2024-02-28
205,Flufftail,Red-chested,Sarothrura,rufa,1.5173,5005,2024-05-26,0.1907,581,2024-05-13
892,Flufftail,Streaky-breasted,Sarothrura,boehmi,0.0039,13,2021-02-27,0.0010,3,2021-02-28
207,Flufftail,Striped,Sarothrura,affinis,0.0700,231,2024-03-06,0.0233,71,2024-01-12
204,Flufftail,White-winged,Sarothrura,ayresi,0.0052,17,2019-05-02,0.0003,1,2019-05-02
655,Flycatcher,"African Dusky",Muscicapa,adusta,8.7413,28835,2024-05-31,1.2278,3741,2024-05-30
682,Flycatcher,"African Paradise",Terpsiphone,viridis,17.3681,57292,2024-05-31,2.6364,8033,2024-05-15
656,Flycatcher,Ashy,Muscicapa,caerulescens,3.4365,11336,2024-05-30,0.3758,1145,2024-05-11
680,Flycatcher,"Blue-mantled Crested",Trochocercus,cyanomelas,2.1724,7166,2024-05-30,0.2796,852,2024-05-12
663,Flycatcher,Chat,Melaenornis,infuscatus,2.1548,7108,2024-05-25,0.5865,1787,2024-05-01
917,Flycatcher,Collared,Ficedula,albicollis,0.0015,5,2021-01-23,0.0000,0,-
1022,Flycatcher,"European Pied",Ficedula,hypoleuca,0.0003,1,2016-12-20,0.0003,1,2016-12-18
678,Flycatcher,Fairy,Stenostira,scita,3.7988,12531,2024-05-30,0.4674,1424,2024-05-26
665,Flycatcher,Fiscal,Melaenornis,silens,28.8014,95007,2024-06-01,4.2066,12817,2024-06-01
661,Flycatcher,Marico,Melaenornis,mariquensis,5.0444,16640,2024-05-31,1.3509,4116,2024-06-01
662,Flycatcher,Pale,Melaenornis,pallidus,1.1386,3756,2024-05-25,0.2015,614,2024-05-18
664,Flycatcher,"Southern Black",Melaenornis,pammelaina,12.2773,40499,2024-06-01,2.0142,6137,2024-05-30
654,Flycatcher,Spotted,Muscicapa,striata,8.6686,28595,2024-05-22,1.2961,3949,2024-05-11
173,Francolin,Coqui,Peliperdix,coqui,1.8280,6030,2024-05-24,0.3207,977,2024-05-08
174,Francolin,Crested,Dendroperdix,sephaena,11.5018,37941,2024-05-31,2.8212,8596,2024-06-01
176,Francolin,Grey-winged,Scleroptila,afra,1.9523,6440,2024-05-31,0.3577,1090,2024-05-27
179,Francolin,"Orange River",Scleroptila,gutturalis,2.8739,9480,2024-06-01,0.4697,1431,2024-05-29
178,Francolin,Red-winged,Scleroptila,levaillantii,1.2957,4274,2024-05-24,0.2018,615,2024-05-25
177,Francolin,Shelley's,Scleroptila,shelleyi,0.6624,2185,2024-05-16,0.1178,359,2024-05-04
53,Frigatebird,"Great ",Fregata,minor,0.0009,3,2019-02-18,0.0003,1,2019-02-18
1013,Frigatebird,Lesser,Fregata,ariel,0.0064,21,2019-06-10,0.0016,5,2022-01-28
209,Gallinule,Allen's,Porphyrio,alleni,0.1428,471,2024-05-25,0.0532,162,2024-04-13
893,Gallinule,Purple,Porphyrio,martinica,0.0006,2,2023-07-08,0.0010,3,2023-07-08
43,Gannet,Australasian,Morus,serrator,0.0042,14,2024-02-27,0.0010,3,2024-03-12
44,Gannet,Cape,Morus,capensis,2.5437,8391,2024-05-28,0.4519,1377,2024-05-14
339,Go-away-bird,Grey,Crinifer,concolor,25.1618,83001,2024-05-31,7.0668,21532,2024-06-01
266,Godwit,Bar-tailed,Limosa,lapponica,0.6745,2225,2024-05-27,0.1260,384,2024-05-14
265,Godwit,Black-tailed,Limosa,limosa,0.0312,103,2020-12-21,0.0026,8,2018-12-26
1009,Godwit,Hudsonian,Limosa,haemastica,0.0042,14,2014-03-19,0.0007,2,2014-02-21
92,Goose,"African Pygmy",Nettapus,auritus,0.2731,901,2024-05-25,0.1300,396,2024-05-04
1308,Goose,Barnacle,Branta,leucopsis,0.0015,5,2016-06-19,0.0003,1,2009-07-27
10004,Goose,Domestic,Anser,anser,1.3111,4325,2024-05-26,0.1638,499,2024-05-18
89,Goose,Egyptian,Alopochen,aegyptiaca,60.2712,198816,2024-06-01,14.7467,44932,2024-09-08
1286,Goose,Greylag,Anser,anser,0.0021,7,2015-02-02,0.0000,0,-
88,Goose,Spur-winged,Plectropterus,gambensis,20.9113,68980,2024-06-01,4.2640,12992,2024-05-31
160,Goshawk,African,Accipiter,tachiro,4.6070,15197,2024-05-31,0.5530,1685,2024-05-27
163,Goshawk,"Dark Chanting",Melierax,metabates,0.7664,2528,2024-05-24,0.2921,890,2024-05-24
162,Goshawk,Gabar,Micronisus,gabar,3.2692,10784,2024-05-27,0.7470,2276,2024-05-24
165,Goshawk,"Pale Chanting",Melierax,canorus,6.9616,22964,2024-06-01,3.0608,9326,2024-06-01
618,Grassbird,Cape,Sphenoeacus,afer,11.3093,37306,2024-05-31,1.5389,4689,2024-05-29
616,Grassbird,Fan-tailed,Catriscus,brevirostris,0.3659,1207,2024-05-19,0.0597,182,2024-05-05
5,Grebe,Black-necked,Podiceps,nigricollis,1.5330,5057,2024-06-01,0.3561,1085,2024-05-20
4,Grebe,"Great Crested",Podiceps,cristatus,2.9206,9634,2024-05-29,0.4349,1325,2024-05-28
6,Grebe,Little,Tachybaptus,ruficollis,25.5477,84274,2024-06-01,4.1170,12544,2024-05-28
551,Greenbul,Sombre,Andropadus,importunus,24.7401,81610,2024-05-31,5.3658,16349,2024-05-31
550,Greenbul,Yellow-bellied,Chlorocichla,flaviventris,5.3997,17812,2024-05-31,0.8326,2537,2024-05-13
547,Greenbul,Yellow-streaked,Phyllastrephus,flavostriatus,0.2938,969,2024-05-03,0.0985,300,2024-04-20
263,Greenshank,Common,Tringa,nebularia,7.6394,25200,2024-05-29,1.3049,3976,2024-05-10
193,Guineafowl,Crested,Guttera,pucherani,1.2593,4154,2024-05-19,0.2645,806,2024-05-18
192,Guineafowl,Helmeted,Numida,meleagris,49.5679,163509,2024-06-01,10.5852,32252,2024-05-31
933,Gull,Black-headed,Chroicocephalus,ridibundus,0.0012,4,2009-11-26,0.0000,0,-
932,Gull,Franklin's,Leucophaeus,pipixcan,0.0243,80,2024-04-18,0.0082,25,2021-12-06
288,Gull,Grey-headed,Chroicocephalus,cirrocephalus,9.2437,30492,2024-06-01,2.0568,6267,2024-05-26
289,Gull,Hartlaub's,Chroicocephalus,hartlaubii,5.2918,17456,2024-06-01,1.5278,4655,2024-05-27
287,Gull,Kelp,Larus,dominicanus,11.6416,38402,2024-06-01,3.2052,9766,2024-05-27
2046,Gull,Laughing,Leucophaeus,atricilla,0.0036,12,2022-02-12,0.0059,18,2022-02-12
4136,Gull,"Lesser Black-backed",Larus,fuscus,0.0315,104,2023-09-19,0.0075,23,2021-06-16
901,Gull,Sabine's,Xema,sabini,0.0246,81,2024-03-29,0.0144,44,2023-12-26
2058,Gull,Sooty,Ichthyaetus,hemprichii,0.0133,44,2021-04-28,0.0062,19,2021-04-06
167,Harrier,"African Marsh",Circus,ranivorus,3.3938,11195,2024-05-26,0.6600,2011,2024-05-29
169,Harrier,Black,Circus,maurus,1.5264,5035,2024-05-26,0.5120,1560,2024-05-17
170,Harrier,Montagu's,Circus,pygargus,0.1598,527,2024-02-14,0.0551,168,2024-03-16
168,Harrier,Pallid,Circus,macrourus,0.1264,417,2024-02-21,0.0446,136,2024-02-21
166,Harrier,"Western Marsh",Circus,aeruginosus,0.0564,186,2024-01-04,0.0131,40,2023-12-06
171,Harrier-Hawk,African,Polyboroides,typus,6.5893,21736,2024-05-31,1.3351,4068,2024-05-30
131,Hawk,Bat,Macheiramphus,alcinus,0.0840,277,2024-02-03,0.0486,148,2024-03-23
141,Hawk-eagle,African,Aquila,spilogaster,1.9386,6395,2024-05-27,0.5579,1700,2024-05-23
140,Hawk-Eagle,Ayre's,Hieraaetus,ayresii,0.0679,224,2024-02-28,0.0223,68,2024-01-13
728,Helmetshrike,Retz's,Prionops,retzii,1.5012,4952,2024-05-30,0.2937,895,2024-05-12
727,Helmetshrike,White-crested,Prionops,plumatus,4.4008,14517,2024-05-31,1.0936,3332,2024-05-30
64,Heron,Black,Egretta,ardesiaca,1.9123,6308,2024-05-26,0.4112,1253,2024-04-21
69,Heron,"Black-crowned Night",Nycticorax,nycticorax,4.1829,13798,2024-05-28,0.5484,1671,2024-05-26
55,Heron,Black-headed,Ardea,melanocephala,32.7572,108056,2024-06-01,6.6444,20245,2024-06-01
56,Heron,Goliath,Ardea,goliath,6.6381,21897,2024-05-30,1.2600,3839,2024-05-31
54,Heron,Grey,Ardea,cinerea,27.3954,90369,2024-06-01,5.5210,16822,2024-05-28
1015,Heron,"Little Blue",Egretta,caerulea,0.0003,1,2008-07-29,0.0000,0,-
883,Heron,"Malagasy Pond",Ardeola,idae,0.0070,23,2018-07-04,0.0016,5,2018-06-26
57,Heron,Purple,Ardea,purpurea,7.5430,24882,2024-06-01,1.0614,3234,2024-05-31
65,Heron,Rufous-bellied,Ardeola,rufiventris,0.0503,166,2024-01-01,0.0226,69,2023-12-31
62,Heron,Squacco,Ardeola,ralloides,4.5406,14978,2024-06-01,0.8481,2584,2024-05-08
63,Heron,Striated,Butorides,striata,6.2291,20548,2024-06-01,1.0755,3277,2024-05-23
70,Heron,"White-backed Night",Gorsachius,leuconotus,0.1185,391,2024-02-09,0.0289,88,2024-02-22
116,Hobby,African,Falco,cuvierii,0.0009,3,2020-01-11,0.0000,0,-
115,Hobby,Eurasian,Falco,subbuteo,0.4759,1570,2024-03-27,0.0968,295,2024-03-22
132,Honey-buzzard,European,Pernis,apivorus,0.5054,1667,2024-04-02,0.1231,375,2024-04-13
443,Honeybird,Brown-backed,Prodotiscus,regulus,2.1515,7097,2024-05-27,0.2169,661,2024-05-25
440,Honeyguide,Greater,Indicator,indicator,4.3344,14298,2024-05-31,0.6617,2016,2024-05-25
442,Honeyguide,Lesser,Indicator,minor,7.1213,23491,2024-05-30,0.8179,2492,2024-05-19
441,Honeyguide,Scaly-throated,Indicator,variegatus,1.4536,4795,2024-05-27,0.1743,531,2024-04-20
418,Hoopoe,African,Upupa,africana,29.1816,96261,2024-06-01,4.6969,14311,2024-05-30
424,Hornbill,"African Grey",Lophoceros,nasutus,13.3983,44197,2024-05-31,3.6256,11047,2024-06-01
427,Hornbill,Crowned,Lophoceros,alboterminatus,3.4735,11458,2024-05-30,0.5556,1693,2024-05-22
1185,Hornbill,"Damara Red-billed",Tockus,damarensis,0.0003,1,2021-08-22,0.0000,0,-
10002,Hornbill,"Hybrid Damara/Red-billed",Tockus,damarensis/erythrorhynchus,0.0000,0,-,0.0003,1,2019-04-20
430,Hornbill,"Southern Ground ",Bucorvus,leadbeateri,1.5252,5031,2024-05-27,3.0296,9231,2024-05-19
4129,Hornbill,"Southern Red-billed",Tockus,rufirostris,8.5049,28055,2024-05-31,2.8429,8662,2024-06-01
426,Hornbill,"Southern Yellow-billed",Tockus,leucomelas,12.1924,40219,2024-05-31,4.4977,13704,2024-06-01
422,Hornbill,Trumpeter,Bycanistes,bucinator,4.3287,14279,2024-05-30,0.7391,2252,2024-05-18
668,Hyliota,Southern,Hyliota,australis,0.0018,6,2019-05-18,0.0000,0,-
81,Ibis,"African Sacred",Threskiornis,aethiopicus,32.8167,108252,2024-06-01,7.5014,22856,2024-09-08
83,Ibis,Glossy,Plegadis,falcinellus,9.0966,30007,2024-06-01,1.9426,5919,2024-05-26
84,Ibis,"Hadada ",Bostrychia,hagedash,68.6706,226523,2024-06-01,16.6789,50819,2024-05-31
82,Ibis,"Southern Bald",Geronticus,calvus,2.5995,8575,2024-05-30,1.0447,3183,2024-05-24
849,Indigobird,Dusky,Vidua,funerea,1.9023,6275,2024-05-13,0.3026,922,2024-05-01
850,Indigobird,Purple,Vidua,purpurascens,0.9076,2994,2024-05-19,0.1684,513,2024-03-25
851,Indigobird,Village,Vidua,chalybeata,2.5571,8435,2024-05-27,0.5527,1684,2024-05-19
228,Jacana,African,Actophilornis,africanus,7.4493,24573,2024-05-30,1.8314,5580,2024-05-31
229,Jacana,Lesser,Microparra,capensis,0.0876,289,2024-05-06,0.0299,91,2024-05-06
930,Jaeger,Long-tailed,Stercorarius,longicaudus,0.0006,2,2023-04-22,0.0000,0,-
284,Jaeger,Parasitic,Stercorarius,parasiticus,0.1025,338,2024-05-20,0.0292,89,2024-04-20
285,Jaeger,Pomarine,Stercorarius,pomarinus,0.0121,40,2024-04-06,0.0023,7,2023-04-23
121,Kestrel,Dickinson's,Falco,dickinsoni,0.0846,279,2024-05-26,0.0223,68,2024-04-06
122,Kestrel,Greater,Falco,rupicoloides,2.4610,8118,2024-06-01,1.0690,3257,2024-05-27
125,Kestrel,Lesser,Falco,naumanni,1.8047,5953,2024-04-03,0.6252,1905,2024-04-04
123,Kestrel,Rock,Falco,rupicolus,10.0582,33179,2024-06-01,2.3296,7098,2024-05-29
398,Kingfisher,"African Pygmy",Ispidina,picta,1.0965,3617,2024-05-08,0.1739,530,2024-03-20
402,Kingfisher,Brown-hooded,Halcyon,albiventris,26.8219,88477,2024-05-31,4.3766,13335,2024-05-31
395,Kingfisher,Giant,Megaceryle,maxima,9.4510,31176,2024-05-31,1.3886,4231,2024-05-28
401,Kingfisher,Grey-headed,Halcyon,leucocephala,0.3019,996,2024-04-13,0.0702,214,2024-03-22
396,Kingfisher,Half-collared,Alcedo,semitorquata,1.3405,4422,2024-05-26,0.2094,638,2024-05-16
397,Kingfisher,Malachite,Corythornis,cristatus,10.3553,34159,2024-05-31,1.5074,4593,2024-05-25
400,Kingfisher,Mangrove,Halcyon,senegaloides,0.1258,415,2024-04-27,0.0213,65,2024-03-30
394,Kingfisher,Pied,Ceryle,rudis,17.9438,59191,2024-05-31,3.0601,9324,2024-05-30
403,Kingfisher,Striped,Halcyon,chelicuti,2.7359,9025,2024-05-30,0.5924,1805,2024-05-23
399,Kingfisher,Woodland,Halcyon,senegalensis,7.0137,23136,2024-05-14,2.6617,8110,2024-04-08
128,Kite,Black,Milvus,migrans,0.1813,598,2024-03-07,0.0505,154,2024-03-05
130,Kite,"Black-winged ",Elanus,caeruleus,27.0729,89305,2024-06-01,7.2939,22224,2024-06-01
129,Kite,Yellow-billed,Milvus,aegyptius,12.4486,41064,2024-05-23,3.9118,11919,2024-05-09
254,Knot,Red,Calidris,canutus,0.1552,512,2024-05-03,0.0331,101,2024-04-20
223,Korhaan,Blue,Eupodotis,caerulescens,1.7531,5783,2024-05-31,0.4408,1343,2024-05-29
220,Korhaan,Karoo,Eupodotis,vigorsii,2.2412,7393,2024-05-30,0.5461,1664,2024-05-15
1035,Korhaan,"Northern Black",Afrotis,afraoides,10.1322,33423,2024-06-01,1.9748,6017,2024-05-26
224,Korhaan,Red-crested,Lophotis,ruficrista,5.1378,16948,2024-05-26,1.6640,5070,2024-05-23
4134,Korhaan,"Southern Black",Afrotis,afra,1.4924,4923,2024-05-31,0.3932,1198,2024-05-25
247,Lapwing,"African Wattled",Vanellus,senegallus,14.5731,48072,2024-06-01,2.5793,7859,2024-05-30
243,Lapwing,Black-winged,Vanellus,melanopterus,1.6191,5341,2024-05-27,0.4040,1231,2024-05-19
245,Lapwing,Blacksmith,Vanellus,armatus,54.1042,178473,2024-06-01,12.8556,39170,2024-09-08
242,Lapwing,Crowned,Vanellus,coronatus,36.6491,120894,2024-06-01,7.8105,23798,2024-05-31
10033,Lapwing,"Hybrid Blacksmith/White-crowned",,,0.0006,2,2016-08-04,0.0000,0,-
248,Lapwing,Long-toed,Vanellus,crassirostris,0.0018,6,2020-09-23,0.0023,7,2020-09-25
244,Lapwing,Senegal,Vanellus,lugubris,0.5802,1914,2024-05-24,0.2160,658,2024-04-30
1031,Lapwing,Spur-winged,Vanellus,spinosus,0.0012,4,2020-06-23,0.0075,23,2020-05-31
246,Lapwing,White-crowned,Vanellus,albiceps,1.1010,3632,2024-05-27,0.3016,919,2024-05-22
4123,Lark,"Agulhas Long-billed",Certhilauda,brevirostris,0.8619,2843,2024-05-20,0.1825,556,2024-05-26
1037,Lark,Barlow's,Calendulauda,barlowi,0.0440,145,2022-12-19,0.0131,40,2023-03-19
472,Lark,Botha's,Spizocorys,fringillaris,0.0185,61,2023-03-13,0.0286,87,2022-03-20
4140,Lark,"Cape Clapper",Mirafra,apiata,1.2593,4154,2024-05-31,0.1979,603,2024-05-26
4125,Lark,"Cape Long-billed",Certhilauda,curvirostris,0.3092,1020,2024-05-15,0.0778,237,2024-05-01
466,Lark,Clapper,Mirafra,apiata,0.0003,1,2009-08-30,0.0000,0,-
464,Lark,Dusky,Pinarocorys,nigricans,0.3504,1156,2024-05-15,0.1342,409,2024-04-10
1183,Lark,"Eastern Clapper",Mirafra,fasciolata,5.3024,17491,2024-05-30,0.8609,2623,2024-05-26
4126,Lark,"Eastern Long-billed",Certhilauda,semitorquata,0.9095,3000,2024-05-11,0.2278,694,2024-05-23
459,Lark,Fawn-colored,Calendulauda,africanoides,2.1969,7247,2024-05-16,0.5255,1601,2024-05-17
468,Lark,Flappet,Mirafra,rufocinnamomea,0.7076,2334,2024-05-20,0.1723,525,2024-05-12
461,Lark,Karoo,Calendulauda,albescens,1.3593,4484,2024-05-30,0.3289,1002,2024-05-10
4155,Lark,Karoo,Calendulauda,albescens,0.0000,0,-,0.0003,1,2018-03-12
4127,Lark,"Karoo Long-billed",Certhilauda,subcoronata,1.9641,6479,2024-05-30,0.4854,1479,2024-05-15
463,Lark,Large-billed,Galerida,magnirostris,5.7774,19058,2024-06-01,1.1290,3440,2024-05-26
456,Lark,Melodious,Mirafra,cheniana,0.6293,2076,2024-05-20,0.1372,418,2024-03-21
457,Lark,Monotonous,Mirafra,passerina,0.6939,2289,2024-05-17,0.3364,1025,2024-03-22
490,Lark,Pink-billed,Spizocorys,conirostris,0.8358,2757,2024-05-29,0.1743,531,2024-05-17
479,Lark,Red,Calendulauda,burra,0.1188,392,2024-05-02,0.0489,149,2024-04-08
488,Lark,Red-capped,Calandrella,cinerea,10.1555,33500,2024-05-31,2.1382,6515,2024-05-29
473,Lark,Rudd's,Heteromirafra,ruddi,0.0588,194,2023-12-06,0.0368,112,2023-11-17
458,Lark,Rufous-naped,Mirafra,africana,17.2235,56815,2024-05-29,3.5101,10695,2024-05-26
460,Lark,Sabota,Calendulauda,sabota,8.5458,28190,2024-05-31,2.3194,7067,2024-06-01
491,Lark,Sclater's,Spizocorys,sclateri,0.0988,326,2024-05-29,0.0266,81,2024-05-02
465,Lark,Short-clawed,Certhilauda,chuana,0.2465,813,2024-05-31,0.0574,175,2024-04-27
474,Lark,Spike-heeled,Chersomanes,albofasciata,6.2058,20471,2024-06-01,1.3811,4208,2024-05-29
492,Lark,Stark's,Spizocorys,starki,0.2228,735,2024-04-01,0.0473,144,2024-03-30
703,Longclaw,Cape,Macronyx,capensis,21.3097,70294,2024-06-01,3.9788,12123,2024-05-29
705,Longclaw,Rosy-throated,Macronyx,ameliae,0.0370,122,2023-09-24,0.0131,40,2023-10-25
704,Longclaw,Yellow-throated,Macronyx,croceus,4.3484,14344,2024-05-30,0.7043,2146,2024-05-31
331,Lovebird,Black-cheeked,Agapornis,nigrigenis,0.0852,281,2024-04-23,0.0158,48,2024-04-23
1636,Lovebird,Fischer's,Agapornis,fischeri,0.0003,1,2019-04-19,0.0003,1,2022-07-03
20004,Lovebird,Hybrid,Agapornis,hybrid,0.2346,774,2024-05-27,0.0860,262,2024-05-25
332,Lovebird,Lilian's,Agapornis,lilianae,0.0009,3,2023-07-13,0.0007,2,2021-11-26
330,Lovebird,Rosy-faced,Agapornis,roseicollis,0.6915,2281,2024-05-25,0.1329,405,2024-05-26
1638,Lovebird,Yellow-collared,Agapornis,personatus,0.2001,660,2024-04-24,0.0158,48,2024-03-20
358,Malkoha,Green,Ceuthmochares,australis,0.3753,1238,2024-05-27,0.0725,221,2024-05-05
823,Mannikin,Bronze,Spermestes,cucullata,15.1703,50042,2024-05-31,2.5678,7824,2024-05-28
822,Mannikin,Magpie,Spermestes,fringilloides,0.1264,417,2024-04-17,0.0466,142,2024-02-25
824,Mannikin,Red-backed,Spermestes,nigriceps,1.6561,5463,2024-05-31,0.2199,670,2024-05-08
510,Martin,Banded,Riparia,cincta,4.5470,14999,2024-05-25,0.9528,2903,2024-05-12
509,Martin,Brown-throated,Riparia,paludicola,19.8391,65443,2024-06-01,2.6489,8071,2024-06-01
507,Martin,"Common House",Delichon,urbicum,2.8915,9538,2024-05-24,0.4381,1335,2024-04-18
506,Martin,Rock,Ptyonoprogne,fuligula,23.2098,76562,2024-06-01,3.6000,10969,2024-09-08
508,Martin,Sand,Riparia,riparia,0.5193,1713,2024-04-30,0.1024,312,2024-04-30
210,Moorhen,Common,Gallinula,chloropus,25.9315,85540,2024-06-01,3.6066,10989,2024-06-01
211,Moorhen,Lesser,Paragallinula,angulata,0.3841,1267,2024-05-25,0.1264,385,2024-03-22
392,Mousebird,Red-faced,Urocolius,indicus,33.9677,112049,2024-06-01,5.6116,17098,2024-05-30
390,Mousebird,Speckled,Colius,striatus,41.2609,136107,2024-06-01,6.6444,20245,2024-05-31
391,Mousebird,White-backed,Colius,colius,10.6233,35043,2024-06-01,1.6827,5127,2024-09-08
734,Myna,Common,Acridotheres,tristis,30.8177,101658,2024-06-01,8.3327,25389,2024-05-31
725,Nicator,Eastern,Nicator,gularis,1.4566,4805,2024-05-30,0.2445,745,2024-05-03
592,Nightingale,Thrush,Luscinia,luscinia,0.1028,339,2024-03-21,0.0233,71,2024-03-17
371,Nightjar,European,Caprimulgus,europaeus,0.3226,1064,2024-04-14,0.0742,226,2024-05-02
373,Nightjar,Fiery-necked,Caprimulgus,pectoralis,6.5796,21704,2024-05-31,1.1300,3443,2024-05-31
374,Nightjar,Freckled,Caprimulgus,tristigma,1.2738,4202,2024-05-26,0.2100,640,2024-05-14
377,Nightjar,Pennant-winged,Caprimulgus,vexillarius,0.0418,138,2023-12-02,0.0197,60,2023-12-23
372,Nightjar,Rufous-cheeked,Caprimulgus,rufigena,1.0935,3607,2024-04-26,0.1657,505,2024-05-05
376,Nightjar,Square-tailed,Caprimulgus,fossii,1.0304,3399,2024-05-26,0.1487,453,2024-05-22
375,Nightjar,Swamp,Caprimulgus,natalensis,0.0558,184,2024-01-08,0.0207,63,2024-05-10
303,Noddy,Brown,Anous,stolidus,0.0003,1,2019-01-19,0.0000,0,-
939,Noddy,Lesser,Anous,tenuirostris,0.0058,19,2024-02-12,0.0069,21,2023-03-25
74,Openbill,African,Anastomus,lamelligerus,1.1559,3813,2024-05-25,0.3981,1213,2024-05-22
520,Oriole,"African Golden",Oriolus,auratus,0.0324,107,2024-02-09,0.0105,32,2023-12-28
521,Oriole,Black-headed,Oriolus,larvatus,23.8510,78677,2024-05-31,4.3201,13163,2024-05-30
519,Oriole,"Eurasian Golden",Oriolus,oriolus,0.5390,1778,2024-04-20,0.1680,512,2024-03-14
172,Osprey,Western,Pandion,haliaetus,1.4809,4885,2024-05-26,0.3072,936,2024-05-04
1,Ostrich,Common,Struthio,camelus,10.3220,34049,2024-06-01,3.2807,9996,2024-05-27
360,Owl,"African Grass",Tyto,capensis,0.1467,484,2024-05-10,0.0551,168,2024-01-14
363,Owl,"African Scops",Otus,senegalensis,1.8850,6218,2024-05-25,0.2872,875,2024-05-22
362,Owl,"African Wood",Strix,woodfordii,1.1641,3840,2024-05-25,0.1707,520,2024-04-12
361,Owl,Marsh,Asio,capensis,1.5600,5146,2024-05-29,0.3535,1077,2024-05-22
370,Owl,"Pel's Fishing",Scotopelia,peli,0.1213,400,2024-05-02,0.0138,42,2023-12-02
364,Owl,"Southern White-faced Scops",Ptilopsis,granti,0.7085,2337,2024-05-24,0.1602,488,2024-05-10
359,Owl,"Western Barn ",Tyto,alba,4.5464,14997,2024-05-26,0.7588,2312,2024-05-26
366,Owlet,"African Barred",Glaucidium,capense,0.6584,2172,2024-05-31,0.1096,334,2024-05-18
365,Owlet,Pearl-spotted,Glaucidium,perlatum,4.9565,16350,2024-05-31,0.8530,2599,2024-05-19
748,Oxpecker,Red-billed,Buphagus,erythrorynchus,9.9373,32780,2024-05-31,3.1445,9581,2024-06-01
747,Oxpecker,Yellow-billed,Buphagus,africanus,1.4045,4633,2024-05-31,0.4930,1502,2024-05-22
231,Oystercatcher,African,Haematopus,moquini,6.1876,20411,2024-05-29,1.3801,4205,2024-05-25
894,Oystercatcher,Eurasian,Haematopus,ostralegus,0.0427,141,2024-03-23,0.0194,59,2024-03-02
230,Painted-snipe,Greater,Rostratula,benghalensis,0.5681,1874,2024-04-20,0.1664,507,2024-04-19
593,"Palm Thrush",Collared,Cichladusa,arquata,0.0030,10,2021-10-27,0.0010,3,2015-07-25
1024,Parakeet,"Plum-headed ",Psittacula,cyanocephala,0.0009,3,2011-08-02,0.0000,0,-
941,Parakeet,Rose-ringed,Psittacula,krameri,3.6445,12022,2024-05-28,0.8750,2666,2024-05-25
328,Parrot,Brown-headed,Poicephalus,cryptoxanthus,3.2567,10743,2024-05-31,0.9633,2935,2024-05-30
1650,Parrot,Brown-necked,Poicephalus,fuscicollis,0.3823,1261,2024-05-25,0.0522,159,2024-05-18
10019,Parrot,Budgerigar,Melopsittacus,undulatus,0.0003,1,2012-04-08,0.0000,0,-
4132,Parrot,"Cape ",Poicephalus,robustus,0.5120,1689,2024-05-04,0.0866,264,2024-04-20
1664,Parrot,Grey,Psittacus,erithacus,0.0003,1,2019-09-03,0.0000,0,-
327,Parrot,Meyer's,Poicephalus,meyeri,0.4526,1493,2024-05-25,0.0758,231,2024-03-23
1660,Parrot,Senegal,Poicephalus,senegalus,0.0076,25,2020-01-25,0.0000,0,-
980,Partridge,Chukar,Alectoris,chukar,0.0534,176,2024-05-23,0.0039,12,2024-05-09
1021,Peafowl,"Indian ",Pavo,cristatus,1.4093,4649,2024-05-28,0.2274,693,2024-05-23
42,Pelican,"Great White",Pelecanus,onocrotalus,2.3318,7692,2024-06-01,0.4250,1295,2024-05-12
41,Pelican,Pink-backed,Pelecanus,rufescens,0.6775,2235,2024-05-25,0.1864,568,2024-05-25
2,Penguin,African,Spheniscus,demersus,0.3768,1243,2024-05-26,0.1510,460,2024-05-25
987,Penguin,King,Aptenodytes,patagonicus,0.0015,5,2019-11-01,0.0030,9,2020-02-01
983,Penguin,Macaroni,Eudyptes,chrysolophus,0.0000,0,-,0.0003,1,2009-03-02
13203,Penguin,"Nothern Rockhopper",Eudyptes,moseleyi,0.0006,2,2023-01-12,0.0003,1,2023-01-24
14,Petrel,Cape,Daption,capense,0.0009,3,2023-05-27,0.0007,2,2023-08-26
16,Petrel,Great-winged,Pterodroma,macroptera,0.0073,24,2023-05-13,0.0023,7,2022-01-30
984,Petrel,"Northern Giant",Macronectes,halli,0.0264,87,2024-04-06,0.0105,32,2024-04-28
19,Petrel,Soft-plumaged,Pterodroma,mollis,0.0033,11,2024-02-15,0.0020,6,2022-07-15
13,Petrel,"Southern Giant",Macronectes,giganteus,0.0239,79,2024-03-27,0.0098,30,2023-10-28
4137,Petrel,White-chinned,Procellaria,aequinoctialis,0.2692,888,2024-05-17,0.0738,225,2024-05-08
271,Phalarope,Red,Phalaropus,fulicarius,0.0279,92,2023-09-23,0.0112,34,2023-09-27
272,Phalarope,Red-necked,Phalaropus,lobatus,0.1604,529,2024-05-05,0.0292,89,2024-02-11
929,Phalarope,Wilson's,Phalaropus,tricolor,0.0073,24,2020-03-12,0.0016,5,2020-01-12
323,Pigeon,"African Green",Treron,calvus,6.9070,22784,2024-05-27,1.1884,3621,2024-05-28
312,Pigeon,"African Olive",Columba,arquatrix,8.1493,26882,2024-05-30,1.3614,4148,2024-05-27
313,Pigeon,"Eastern Bronze-naped",Columba,delegorguei,0.0582,192,2024-01-19,0.0174,53,2023-12-09
311,Pigeon,Speckled,Columba,guinea,46.2474,152556,2024-06-01,9.1814,27975,2024-05-31
692,Pipit,African,Anthus,cinnamomeus,29.0367,95783,2024-06-01,5.3343,16253,2024-05-31
697,Pipit,"African Rock",Anthus,crenatus,0.9816,3238,2024-05-27,0.1231,375,2024-05-23
695,Pipit,Buffy,Anthus,vaalensis,1.4821,4889,2024-05-21,0.2928,892,2024-03-26
699,Pipit,Bushveld,Anthus,caffer,0.7054,2327,2024-05-26,0.1221,372,2024-05-12
702,Pipit,Golden,Tmetothylacus,tenellus,0.0146,48,2021-12-20,0.0102,31,2021-12-20
3706,Pipit,Kimberley,Anthus,pseudosimilis,0.0218,72,2013-07-10,0.0016,5,2015-03-03
693,Pipit,Long-billed,Anthus,similis,0.1379,455,2024-04-25,0.0450,137,2022-11-25
10876,Pipit,Long-billed,Anthus,similis,0.0003,1,2018-12-31,0.0000,0,-
1059,Pipit,Long-tailed,Anthus,longicaudatus,0.0015,5,2012-07-21,0.0000,0,-
928,Pipit,Mountain,Anthus,hoeschi,0.0330,109,2024-04-13,0.0118,36,2024-05-16
10877,Pipit,Nicholson's,Anthus,nicholsoni,3.0254,9980,2024-05-27,0.3978,1212,2024-05-23
694,Pipit,Plain-backed,Anthus,leucophrys,3.2989,10882,2024-05-29,0.5156,1571,2024-05-30
700,Pipit,Short-tailed,Anthus,brachyurus,0.0491,162,2024-01-10,0.0144,44,2023-12-09
696,Pipit,Striped,Anthus,lineiventris,1.1699,3859,2024-05-28,0.1543,470,2024-05-11
698,Pipit,Tree,Anthus,trivialis,0.0270,89,2024-01-13,0.0049,15,2022-02-20
701,Pipit,Yellow-breasted,Anthus,chloris,0.2077,685,2024-04-27,0.0758,231,2024-02-28
922,Plover,"American Golden",Pluvialis,dominica,0.0358,118,2024-02-24,0.0105,32,2024-01-28
240,Plover,Caspian,Charadrius,asiaticus,0.0706,233,2024-02-17,0.0194,59,2024-02-15
236,Plover,Chestnut-banded,Charadrius,pallidus,0.4917,1622,2024-05-29,0.0591,180,2024-05-18
233,Plover,"Common Ringed",Charadrius,hiaticula,3.3995,11214,2024-05-13,0.6505,1982,2024-04-23
239,Plover,"Greater Sand",Charadrius,leschenaultii,0.1222,403,2024-03-22,0.0158,48,2024-03-22
241,Plover,Grey,Pluvialis,squatarola,2.2588,7451,2024-05-27,0.3692,1125,2024-05-14
237,Plover,Kittlitz's,Charadrius,pecuarius,6.2252,20535,2024-05-29,1.1618,3540,2024-05-26
234,Plover,"Lesser Sand",Charadrius,mongolus,0.0461,152,2024-01-09,0.0069,21,2023-12-15
955,Plover,"Little Ringed",Charadrius,dubius,0.0033,11,2017-09-12,0.0026,8,2019-03-20
1039,Plover,"Pacific Golden",Pluvialis,fulva,0.0158,52,2024-04-13,0.0043,13,2021-01-17
238,Plover,Three-banded,Charadrius,tricollaris,24.1366,79619,2024-06-01,4.0943,12475,2024-05-28
235,Plover,White-fronted,Charadrius,marginatus,4.9365,16284,2024-05-29,0.8454,2576,2024-05-19
1332,Pochard,Red-crested,Netta,rufina,0.0294,97,2023-11-26,0.0026,8,2023-01-15
102,Pochard,Southern,Netta,erythrophthalma,4.3232,14261,2024-05-29,0.7214,2198,2024-06-01
282,Pratincole,Black-winged,Glareola,nordmanni,0.6163,2033,2024-03-30,0.2406,733,2024-05-14
281,Pratincole,Collared,Glareola,pratincola,0.5047,1665,2024-03-23,0.1730,527,2024-03-28
650,Prinia,Black-chested,Prinia,flavicans,17.3008,57070,2024-06-01,2.5373,7731,2024-06-01
14210,Prinia,"Black-chested (Hybrid flavicens/maculosa)",Prinia,flavicans/maculosa,0.0003,1,2018-11-22,0.0000,0,-
1049,Prinia,Drakensberg,Prinia,hypoxantha,3.3165,10940,2024-05-30,0.4979,1517,2024-05-28
4139,Prinia,Karoo,Prinia,maculosa,19.8118,65353,2024-05-31,3.6227,11038,2024-05-31
651,Prinia,Spotted,Prinia,hypoxantha,0.0000,0,-,0.0007,2,2017-01-06
649,Prinia,Tawny-flanked,Prinia,subflava,31.8626,105105,2024-06-01,5.4009,16456,2024-05-31
22,Prion,Antarctic,Pachyptila,desolata,0.0064,21,2023-07-08,0.0023,7,2023-06-25
712,Puffback,Black-backed,Dryoscopus,cubla,23.0349,75985,2024-05-31,4.3789,13342,2024-05-27
830,Pytilia,Green-winged,Pytilia,melba,6.7145,22149,2024-05-30,1.3430,4092,2024-05-23
829,Pytilia,Orange-winged,Pytilia,afra,0.0233,77,2024-02-04,0.0059,18,2023-12-17
189,Quail,Common,Coturnix,coturnix,3.4223,11289,2024-05-23,0.6557,1998,2024-05-22
190,Quail,Harlequin,Coturnix,delegorguei,0.4317,1424,2024-03-23,0.1841,561,2024-02-09
805,Quelea,Red-billed,Quelea,quelea,22.3455,73711,2024-06-01,4.8121,14662,2024-06-01
806,Quelea,Red-headed,Quelea,erythrops,0.2401,792,2024-03-31,0.0354,108,2024-01-13
197,Rail,African,Rallus,caerulescens,2.2036,7269,2024-05-28,0.2688,819,2024-05-18
524,Raven,White-necked,Corvus,albicollis,12.3549,40755,2024-05-31,2.6624,8112,2024-05-28
261,Redshank,Common,Tringa,totanus,0.0185,61,2024-05-23,0.0026,8,2024-04-29
589,Robin,White-starred,Pogonocichla,stellata,0.7636,2519,2024-05-24,0.1155,352,2024-05-05
581,Robin-Chat,Cape,Cossypha,caffra,45.8761,151331,2024-06-01,7.9353,24178,2024-09-08
578,Robin-Chat,"Chorister Robin-Chat",Cossypha,dichroa,2.6471,8732,2024-05-27,0.3715,1132,2024-05-05
579,Robin-Chat,Red-capped,Cossypha,natalensis,6.0560,19977,2024-05-31,0.8044,2451,2024-05-28
580,Robin-Chat,White-browed,Cossypha,heuglini,4.0613,13397,2024-05-30,0.5327,1623,2024-05-18
582,Robin-Chat,White-throated,Cossypha,humeralis,5.7838,19079,2024-05-29,0.6443,1963,2024-05-15
540,Rockjumper,Cape,Chaetops,frenatus,0.2265,747,2024-03-30,0.0906,276,2024-05-08
1038,Rockjumper,"Drakensberg ",Chaetops,aurantius,0.0864,285,2024-04-06,0.0279,85,2023-12-23
416,Roller,Broad-billed,Eurystomus,glaucurus,1.0783,3557,2024-03-20,0.2501,762,2024-03-14
412,Roller,European,Coracias,garrulus,3.1134,10270,2024-04-08,2.0326,6193,2024-04-06
413,Roller,Lilac-breasted,Coracias,caudatus,10.3217,34048,2024-05-31,5.1603,15723,2024-05-31
415,Roller,Purple,Coracias,naevius,2.2230,7333,2024-05-25,0.8852,2697,2024-05-31
414,Roller,Racket-tailed,Coracias,spatulatus,0.0946,312,2024-05-25,0.0223,68,2024-04-05
308,Sandgrouse,Burchell's,Pterocles,burchelli,0.4644,1532,2024-05-16,0.1162,354,2024-05-03
310,Sandgrouse,Double-banded,Pterocles,bicinctus,1.9966,6586,2024-05-31,0.5222,1591,2024-05-22
307,Sandgrouse,Namaqua,Pterocles,namaqua,2.6747,8823,2024-05-29,0.5970,1819,2024-05-08
309,Sandgrouse,Yellow-throated,Pterocles,gutturalis,0.1243,410,2024-04-22,0.0525,160,2024-04-01
252,Sandpiper,Baird's,Calidris,bairdii,0.0173,57,2022-01-11,0.0118,36,2022-03-12
981,Sandpiper,Broad-billed,Calidris,falcinellus,0.0194,64,2022-10-30,0.0026,8,2021-04-08
926,Sandpiper,Buff-breasted,Calidris,subruficollis,0.0094,31,2023-12-13,0.0046,14,2021-12-30
258,Sandpiper,Common,Actitis,hypoleucos,5.2839,17430,2024-05-03,0.9229,2812,2024-05-10
251,Sandpiper,Curlew,Calidris,ferruginea,2.5753,8495,2024-05-19,0.3623,1104,2024-05-18
259,Sandpiper,Green,Tringa,ochropus,0.0928,306,2024-02-03,0.0161,49,2024-03-30
262,Sandpiper,Marsh,Tringa,stagnatilis,2.0930,6904,2024-06-01,0.3745,1141,2024-03-21
895,Sandpiper,Pectoral,Calidris,melanotos,0.1103,364,2024-02-10,0.0259,79,2024-02-11
257,Sandpiper,Terek,Xenus,cinereus,0.2747,906,2024-05-02,0.0515,157,2024-04-13
997,Sandpiper,White-rumped,Calidris,fuscicollis,0.0130,43,2024-02-03,0.0036,11,2021-11-29
264,Sandpiper,Wood,Tringa,glareola,7.1298,23519,2024-05-16,1.4621,4455,2024-04-21
511,Saw-wing,"Black (Southern Africa)",Psalidoprocne,"pristoptera holomelas",9.5186,31399,2024-05-31,1.3013,3965,2024-05-11
512,Saw-wing,Eastern,Psalidoprocne,orientalis,0.0009,3,2018-12-29,0.0000,0,-
421,Scimitarbill,Common,Rhinopomastus,cyanomelas,7.5845,25019,2024-05-31,1.3410,4086,2024-05-26
585,"Scrub Robin",Bearded,Cercotrichas,quadrivirgata,1.5179,5007,2024-05-30,0.2133,650,2024-05-13
584,"Scrub Robin","Brown Scrub",Cercotrichas,signata,1.2708,4192,2024-05-27,0.1533,467,2024-05-12
586,"Scrub Robin",Kalahari,Cercotrichas,paena,7.0483,23250,2024-05-29,1.3217,4027,2024-05-19
583,"Scrub Robin",Karoo,Cercotrichas,coryphoeus,12.5010,41237,2024-06-01,1.9892,6061,2024-05-31
567,"Scrub Robin",Rufous-tailed,Cercotrichas,galactotes,0.0118,39,2016-09-11,0.0046,14,2016-08-27
588,"Scrub Robin",White-browed,Cercotrichas,leucophrys,17.9262,59133,2024-05-31,3.2160,9799,2024-05-26
867,Seedeater,Streaky-headed,Crithagra,gularis,16.1540,53287,2024-06-01,1.9584,5967,2024-05-31
26,Shearwater,Cory's,Calonectris,borealis,0.0197,65,2022-01-14,0.0010,3,2016-03-20
10702,Shearwater,Cory's,Calonectris,borealis,0.0267,88,2024-04-06,0.0066,20,2024-01-07
881,Shearwater,Flesh-footed,Ardenna,carneipes,0.0033,11,2019-10-31,0.0013,4,2022-12-30
25,Shearwater,Great,Ardenna,gravis,0.0136,45,2024-03-30,0.0056,17,2024-05-08
4153,Shearwater,Manx,Puffinus,puffinus,0.0079,26,2023-06-16,0.0020,6,2023-01-14
29,Shearwater,Sooty,Ardenna,grisea,0.1679,554,2024-05-20,0.0535,163,2024-05-08
28,Shearwater,Tropical,Puffinus,bailloni,0.0003,1,2014-04-18,0.0000,0,-
864,Sheathbill,"Snowy ",Chionis,albus,0.0021,7,2022-10-04,0.0033,10,2022-10-01
1342,Shelduck,Common,Tadorna,tadorna,0.0173,57,2024-05-13,0.0125,38,2023-10-27
1340,Shelduck,Ruddy,Tadorna,ferruginea,0.0088,29,2023-09-13,0.0000,0,-
90,Shelduck,"South African",Tadorna,cana,10.7673,35518,2024-06-01,2.1799,6642,2024-05-29
94,Shoveler,Cape,Spatula,smithii,10.5487,34797,2024-06-01,1.8301,5576,2024-05-28
93,Shoveler,Northern,Spatula,clypeata,0.0021,7,2017-04-30,0.0013,4,2017-04-30
711,Shrike,Crimson-breasted,Laniarius,atrococcineus,7.4614,24613,2024-05-31,1.4067,4286,2024-05-19
706,Shrike,"Lesser Grey",Lanius,minor,3.7615,12408,2024-04-22,1.3069,3982,2024-04-19
2300,Shrike,Magpie,Urolestes,melanoleucus,0.0003,1,2023-11-17,0.0000,0,-
724,Shrike,Magpie,Urolestes,melanoleucus,8.7501,28864,2024-05-31,4.2742,13023,2024-06-01
708,Shrike,Red-backed,Lanius,collurio,9.3522,30850,2024-04-28,2.6745,8149,2024-05-14
7878,Shrike,Red-tailed,Lanius,phoenicuroides,0.0003,1,2023-03-18,0.0003,1,2023-03-19
730,Shrike,"Southern White-crowned",Eurocephalus,anguitimens,2.5941,8557,2024-05-31,0.9232,2813,2024-05-30
855,Siskin,Cape,Crithagra,totta,1.1368,3750,2024-05-24,0.2297,700,2024-05-25
856,Siskin,Drakensberg,Crithagra,symonsi,0.0473,156,2024-03-22,0.0184,56,2023-11-07
306,Skimmer,African,Rynchops,flavirostris,0.0615,203,2024-02-17,0.0299,91,2023-10-18
11763,Skimmer,Black,Rynchops,niger,0.0009,3,2012-10-05,0.0000,0,-
286,Skua,Brown,Stercorarius,antarcticus,0.2525,833,2024-05-25,0.0594,181,2023-12-30
250,Snipe,African,Gallinago,nigripennis,4.0492,13357,2024-06-01,0.5812,1771,2024-05-28
249,Snipe,Great,Gallinago,media,0.0012,4,2021-11-04,0.0007,2,2021-11-06
786,Sparrow,Cape,Passer,melanurus,46.7013,154053,2024-06-01,10.7706,32817,2024-09-08
785,Sparrow,Great,Passer,motitensis,0.7876,2598,2024-05-28,0.1618,493,2024-03-30
787,Sparrow,Grey-headed,Passer,diffusus,0.0006,2,2014-10-06,0.0000,0,-
784,Sparrow,House,Passer,domesticus,35.3343,116557,2024-06-01,6.8404,20842,2024-09-08
3852,Sparrow,"Northern Grey-headed",Passer,griseus,0.0003,1,2008-07-24,0.0003,1,2021-02-20
4142,Sparrow,"Southern Grey-headed",Passer,diffusus,41.3619,136440,2024-06-01,6.5516,19962,2024-05-31
788,Sparrow,"Yellow-throated Bush",Gymnoris,superciliaris,4.6334,15284,2024-05-31,0.7572,2307,2024-05-24
486,Sparrow-Lark,Black-eared,Eremopterix,australis,0.4053,1337,2024-05-02,0.1460,445,2024-04-02
484,Sparrow-Lark,"Chestnut-backed ",Eremopterix,leucotis,1.3442,4434,2024-05-25,0.5087,1550,2024-05-21
485,Sparrow-Lark,Grey-backed,Eremopterix,verticalis,2.1954,7242,2024-05-31,0.6203,1890,2024-05-17
780,Sparrow-Weaver,"White-browed ",Plocepasser,mahali,15.3485,50630,2024-06-01,3.6883,11238,2024-05-26
159,Sparrowhawk,Black,Accipiter,melanoleucus,5.6210,18542,2024-05-29,0.9528,2903,2024-05-25
158,Sparrowhawk,Little,Accipiter,minullus,2.4819,8187,2024-05-25,0.3843,1171,2024-05-21
157,Sparrowhawk,Ovambo,Accipiter,ovampensis,1.5057,4967,2024-05-29,0.1739,530,2024-05-02
156,Sparrowhawk,Rufous-breasted,Accipiter,rufiventris,0.6266,2067,2024-05-26,0.1382,421,2024-05-26
389,Spinetail,Bhm's,Neafrapus,boehmi,0.1849,610,2024-05-25,0.0223,68,2024-02-10
388,Spinetail,Mottled,Telacanthura,ussheri,0.1276,421,2024-05-25,0.0118,36,2024-03-16
85,Spoonbill,African,Platalea,alba,11.7004,38596,2024-05-31,2.4766,7546,2024-05-30
181,Spurfowl,Cape,Pternistis,capensis,9.2094,30379,2024-06-01,1.6692,5086,2024-05-29
183,Spurfowl,Natal,Pternistis,natalensis,17.6882,58348,2024-05-31,3.5987,10965,2024-05-31
182,Spurfowl,Red-billed,Pternistis,adspersus,0.1776,586,2024-05-16,0.0535,163,2024-04-10
188,Spurfowl,Red-necked,Pternistis,afer,3.8367,12656,2024-05-30,0.4995,1522,2024-05-27
185,Spurfowl,Swainson's,Pternistis,swainsonii,22.5517,74391,2024-06-01,4.7369,14433,2024-05-31
1236,Spurfowl,Yellow-necked,Pternistis,leucoscepus,0.0003,1,2020-03-05,0.0000,0,-
740,Starling,Black-bellied,Notopholia,corusca,6.0400,19924,2024-05-30,0.9150,2788,2024-05-30
743,Starling,Burchell's,Lamprotornis,australis,5.3400,17615,2024-05-30,2.9916,9115,2024-06-01
737,Starling,Cape,Lamprotornis,nitens,40.6267,134015,2024-06-01,9.6002,29251,2024-05-30
733,Starling,Common,Sturnus,vulgaris,17.1877,56697,2024-06-01,4.0484,12335,2024-05-31
738,Starling,"Greater Blue-eared",Lamprotornis,chalybaeus,3.5514,11715,2024-05-31,1.4946,4554,2024-05-31
742,Starling,Meves's,Lamprotornis,mevesii,1.4533,4794,2024-05-27,0.2337,712,2024-05-23
739,Starling,"Miombo Blue-eared",Lamprotornis,elisabeth,0.0009,3,2015-08-16,0.0003,1,2021-12-27
744,Starling,Pale-winged,Onychognathus,nabouroup,1.7749,5855,2024-05-27,0.4303,1311,2024-05-25
746,Starling,Pied,Lamprotornis,bicolor,17.5679,57951,2024-06-01,4.5108,13744,2024-05-31
745,Starling,Red-winged,Onychognathus,morio,28.8545,95182,2024-05-31,6.2286,18978,2024-06-01
736,Starling,Violet-backed,Cinnyricinclus,leucogaster,7.0616,23294,2024-05-27,1.3282,4047,2024-05-18
735,Starling,Wattled,Creatophora,cinerea,8.0162,26443,2024-06-01,1.5786,4810,2024-05-28
270,Stilt,Black-winged,Himantopus,himantopus,12.9403,42686,2024-06-01,2.8078,8555,2024-09-08
253,Stint,Little,Calidris,minuta,4.9953,16478,2024-05-05,0.8389,2556,2024-05-18
985,Stint,Temminck's,Calidris,temminckii,0.0279,92,2017-02-05,0.0062,19,2017-02-01
576,Stonechat,African,Saxicola,torquatus,33.8177,111554,2024-06-01,7.2040,21950,2024-05-31
78,Stork,Abdim's,Ciconia,abdimii,0.6212,2049,2024-05-22,0.3545,1080,2024-04-27
79,Stork,Black,Ciconia,nigra,0.9861,3253,2024-05-17,0.3692,1125,2024-05-24
73,Stork,Marabou,Leptoptilos,crumenifer,2.0602,6796,2024-05-22,0.6823,2079,2024-05-30
75,Stork,Saddle-billed,Ephippiorhynchus,senegalensis,1.8753,6186,2024-05-30,0.8376,2552,2024-05-30
80,Stork,White,Ciconia,ciconia,3.2949,10869,2024-05-23,1.3768,4195,2024-05-20
77,Stork,Woolly-necked,Ciconia,episcopus,4.1801,13789,2024-05-31,1.2045,3670,2024-05-31
76,Stork,Yellow-billed,Mycteria,ibis,3.2186,10617,2024-05-28,1.1343,3456,2024-05-22
30,Storm-petrel,European,Hydrobates,pelagicus,0.0064,21,2023-12-29,0.0036,11,2023-12-31
33,Storm-petrel,Wilson's,Oceanites,oceanicus,0.0085,28,2024-01-01,0.0039,12,2023-12-31
749,Sugarbird,Cape,Promerops,cafer,3.8509,12703,2024-05-31,0.7713,2350,2024-05-29
750,Sugarbird,Gurney's,Promerops,gurneyi,0.4899,1616,2024-05-30,0.1109,338,2024-05-04
772,Sunbird,Amethyst,Chalcomitra,amethystina,24.5225,80892,2024-06-01,3.6722,11189,2024-05-27
771,Sunbird,Collared,Hedydipna,collaris,7.6321,25176,2024-05-31,0.9127,2781,2024-05-28
764,Sunbird,Dusky,Cinnyris,fuscus,2.3976,7909,2024-05-30,0.4047,1233,2024-05-25
758,Sunbird,"Greater Double-collared",Cinnyris,afer,11.0392,36415,2024-05-31,1.6679,5082,2024-05-27
765,Sunbird,Grey,Cyanomitra,veroxii,3.6005,11877,2024-05-30,0.4473,1363,2024-05-18
751,Sunbird,Malachite,Nectarinia,famosa,12.3695,40803,2024-05-31,2.0719,6313,2024-05-29
755,Sunbird,Marico,Cinnyris,mariquensis,5.3051,17500,2024-05-30,0.8648,2635,2024-05-16
761,Sunbird,Neergaard's,Cinnyris,neergaardi,0.1088,359,2024-05-01,0.0266,81,2024-04-29
766,Sunbird,Olive,Cyanomitra,olivacea,4.3096,14216,2024-05-31,0.6370,1941,2024-05-28
753,Sunbird,Orange-breasted,Anthobaphes,violacea,2.4076,7942,2024-05-26,0.5724,1744,2024-05-17
769,Sunbird,Plain-backed,Anthreptes,reichenowi,0.0127,42,2024-01-06,0.0046,14,2023-12-14
756,Sunbird,Purple-banded,Cinnyris,bifasciatus,1.4988,4944,2024-05-26,0.2593,790,2024-05-18
774,Sunbird,Scarlet-chested,Chalcomitra,senegalensis,4.1113,13562,2024-05-31,0.6498,1980,2024-05-30
760,Sunbird,"Southern Double-collared",Cinnyris,chalybeus,15.4219,50872,2024-05-31,2.7956,8518,2024-05-27
763,Sunbird,White-bellied,Cinnyris,talatala,25.4089,83816,2024-06-01,4.4084,13432,2024-05-30
493,Swallow,Barn,Hirundo,rustica,35.2907,116413,2024-05-27,9.6862,29513,2024-05-11
497,Swallow,Blue,Hirundo,atrocaerulea,0.0494,163,2024-02-23,0.0233,71,2024-02-18
502,Swallow,"Greater Striped",Cecropis,cucullata,32.9191,108590,2024-05-26,6.4176,19554,2024-05-26
499,Swallow,Grey-rumped,Pseudhirundo,griseopyga,0.9707,3202,2024-05-26,0.1526,465,2024-05-22
503,Swallow,"Lesser Striped",Cecropis,abyssinica,19.8060,65334,2024-05-29,3.8130,11618,2024-05-11
500,Swallow,Mosque,Cecropis,senegalensis,0.9874,3257,2024-05-26,0.1844,562,2024-05-22
498,Swallow,Pearl-breasted,Hirundo,dimidiata,5.6425,18613,2024-05-31,0.9058,2760,2024-05-25
501,Swallow,Red-breasted,Cecropis,semirufa,5.3676,17706,2024-05-11,1.4080,4290,2024-04-18
962,Swallow,Red-rumped,Cecropis,daurica,0.0003,1,2022-10-30,0.0000,0,-
504,Swallow,"South African Cliff ",Petrochelidon,spilodera,5.2651,17368,2024-05-26,1.3305,4054,2024-05-03
495,Swallow,White-throated,Hirundo,albigularis,24.4227,80563,2024-05-25,3.6237,11041,2024-09-08
496,Swallow,Wire-tailed,Hirundo,smithii,4.8055,15852,2024-05-31,0.9659,2943,2024-05-31
208,Swamphen,African,Porphyrio,madagascariensis,5.8945,19444,2024-06-01,0.8756,2668,2024-05-26
10007,Swan,"Black ",Cygnus,atratus,0.0931,307,2024-04-03,0.0108,33,2023-12-02
884,Swan,Mute,Cygnus,olor,0.0064,21,2022-08-12,0.0003,1,2021-08-01
380,Swift,"African Black",Apus,barbatus,6.3104,20816,2024-05-30,1.0578,3223,2024-05-28
387,Swift,"African Palm",Cypsiurus,parvus,25.8151,85156,2024-06-01,4.6434,14148,2024-05-26
386,Swift,Alpine,Tachymarptis,melba,5.9333,19572,2024-05-28,1.0072,3069,2024-05-27
381,Swift,Bradfield's,Apus,bradfieldi,0.1552,512,2024-03-28,0.0476,145,2024-03-30
378,Swift,Common,Apus,apus,1.6413,5414,2024-04-23,0.3417,1041,2024-04-01
384,Swift,Horus,Apus,horus,1.6525,5451,2024-05-27,0.2872,875,2024-04-24
385,Swift,Little,Apus,affinis,26.4223,87159,2024-05-31,5.6844,17320,2024-05-26
383,Swift,White-rumped,Apus,caffer,26.1998,86425,2024-05-26,4.3999,13406,2024-05-14
715,Tchagra,Black-crowned,Tchagra,senegalus,11.5494,38098,2024-05-31,2.3955,7299,2024-05-30
714,Tchagra,Brown-crowned,Tchagra,australis,12.0339,39696,2024-06-01,1.8566,5657,2024-05-23
713,Tchagra,Southern,Tchagra,tchagra,3.8018,12541,2024-05-31,0.4135,1260,2024-05-25
99,Teal,Blue-billed,Spatula,hottentota,3.0979,10219,2024-05-28,0.5297,1614,2024-05-26
1276,Teal,Blue-winged,Spatula,discors,0.0018,6,2013-11-27,0.0000,0,-
98,Teal,Cape,Anas,capensis,7.0604,23290,2024-06-01,1.2268,3738,2024-09-08
97,Teal,Red-billed,Anas,erythrorhyncha,14.8429,48962,2024-06-01,2.6591,8102,2024-05-28
5271,Teal,Ringed,Callonetta,leucophrys,0.0091,30,2022-08-14,0.0013,4,2023-02-01
292,Tern,Antarctic,Sterna,vittata,0.1231,406,2024-05-07,0.0299,91,2024-03-03
294,Tern,Arctic,Sterna,paradisaea,0.0521,172,2024-04-05,0.0095,29,2023-09-25
903,Tern,Black,Chlidonias,niger,0.0052,17,2022-08-13,0.0016,5,2022-08-23
936,Tern,Bridled,Onychoprion,anaethetus,0.0061,20,2021-02-06,0.0003,1,2016-08-09
290,Tern,Caspian,Hydroprogne,caspia,4.1571,13713,2024-05-30,0.7319,2230,2024-05-19
291,Tern,Common,Sterna,hirundo,3.0976,10218,2024-05-28,0.6019,1834,2024-05-14
300,Tern,Damara,Sternula,balaenarum,0.1525,503,2024-02-27,0.0335,102,2024-01-26
4143,Tern,Elegant,Thalasseus,elegans,0.0067,22,2024-02-12,0.0053,16,2024-02-12
298,Tern,"Greater Crested",Thalasseus,bergii,5.8817,19402,2024-06-01,1.1671,3556,2024-05-19
902,Tern,Gull-billed,Gelochelidon,nilotica,0.0155,51,2022-06-19,0.0046,14,2022-05-13
297,Tern,"Lesser Crested",Thalasseus,bengalensis,0.1425,470,2024-05-19,0.0486,148,2024-05-09
299,Tern,Little,Sternula,albifrons,0.7170,2365,2024-05-19,0.1464,446,2024-04-23
293,Tern,Roseate,Sterna,dougallii,0.1543,509,2024-05-07,0.0200,61,2024-01-26
296,Tern,Sandwich,Thalasseus,sandvicensis,2.9315,9670,2024-05-15,0.5622,1713,2024-05-14
2070,Tern,Saunders's,Sternula,saundersi,0.0003,1,2023-11-04,0.0000,0,-
295,Tern,Sooty,Onychoprion,fuscatus,0.0264,87,2024-01-04,0.0095,29,2023-12-30
305,Tern,Whiskered,Chlidonias,hybrida,4.7185,15565,2024-06-01,1.0338,3150,2024-05-25
938,Tern,White-cheeked,Sterna,repressa,0.0015,5,2021-02-03,0.0013,4,2021-02-02
304,Tern,White-winged,Chlidonias,leucopterus,2.1778,7184,2024-05-26,0.3889,1185,2024-04-28
275,Thick-knee,Spotted,Burhinus,capensis,18.8317,62120,2024-05-29,3.0168,9192,2024-05-29
274,Thick-knee,Water,Burhinus,vermiculatus,7.9935,26368,2024-05-31,1.7598,5362,2024-06-01
559,Thrush,"Cape Rock ",Monticola,rupestris,4.0298,13293,2024-05-30,0.7476,2278,2024-05-23
557,Thrush,Groundscraper,Turdus,litsitsirupa,7.6003,25071,2024-05-30,1.2934,3941,2024-05-26
1104,Thrush,Karoo,Turdus,smithi,18.6022,61363,2024-06-01,3.5872,10930,2024-05-26
552,Thrush,Kurrichane,Turdus,libonyana,12.6229,41639,2024-05-31,1.7043,5193,2024-05-25
1105,Thrush,Olive,Turdus,olivaceus,10.7039,35309,2024-05-30,1.8816,5733,2024-05-31
556,Thrush,"Orange Ground",Geokichla,gurneyi,0.2310,762,2024-05-03,0.0473,144,2024-01-07
560,Thrush,"Sentinel Rock ",Monticola,explorator,0.5881,1940,2024-05-26,0.2051,625,2024-05-25
561,Thrush,"Short-toed Rock ",Monticola,brevipes,0.8118,2678,2024-05-19,0.1575,480,2024-05-17
558,Thrush,"Spotted Ground",Geokichla,guttata,0.1761,581,2024-05-19,0.0374,114,2024-05-26
436,Tinkerbird,Red-fronted,Pogoniulus,pusillus,4.3478,14342,2024-05-31,0.5789,1764,2024-05-05
437,Tinkerbird,Yellow-fronted,Pogoniulus,chrysoconus,6.4814,21380,2024-05-30,0.8983,2737,2024-05-25
438,Tinkerbird,Yellow-rumped,Pogoniulus,bilineatus,4.5597,15041,2024-05-29,0.8107,2470,2024-05-31
514,Tit,Ashy,Melaniparus,cinerascens,2.6941,8887,2024-05-26,0.3420,1042,2024-05-17
531,Tit,"Cape Penduline",Anthoscopus,minutus,2.0041,6611,2024-05-29,0.2537,773,2024-06-01
525,Tit,Grey,Melaniparus,afer,1.9474,6424,2024-05-29,0.2809,856,2024-05-05
530,Tit,"Grey Penduline",Anthoscopus,caroli,0.7888,2602,2024-05-25,0.0863,263,2024-05-20
527,Tit,"Southern Black",Melaniparus,niger,12.8378,42348,2024-05-31,2.1648,6596,2024-05-21
657,Tit-Flycatcher,Grey,Myioparus,plumbeus,2.9121,9606,2024-05-31,0.3873,1180,2024-04-05
393,Trogon,Narina,Apaloderma,narina,1.7498,5772,2024-05-24,0.2885,879,2024-05-22
953,Tropicbird,Red-billed,Phaethon,aethereus,0.0000,0,-,0.0003,1,2021-11-27
39,Tropicbird,Red-tailed,Phaethon,rubricauda,0.0009,3,2022-06-06,0.0010,3,2023-11-06
4133,Turaco,Knysna,Tauraco,corythaix,5.4343,17926,2024-05-30,0.8635,2631,2024-05-28
1710,Turaco,Livingstone's,Tauraco,livingstonii,0.5469,1804,2024-05-19,0.1346,410,2024-05-04
337,Turaco,Purple-crested,Gallirex,porphyreolophus,9.5838,31614,2024-05-31,1.8353,5592,2024-05-28
232,Turnstone,Ruddy,Arenaria,interpres,1.4494,4781,2024-05-25,0.2219,676,2024-04-28
827,Twinspot,Green,Mandingoa,nitidula,0.6985,2304,2024-05-25,0.1165,355,2024-04-05
831,Twinspot,Pink-throated,Hypargos,margaritatus,0.4314,1423,2024-05-19,0.0791,241,2024-05-02
0,Unknown,Unknown,Unknown,Unknown,0.0258,85,2023-10-13,0.0056,17,2021-03-14
150,Vulture,Bearded,Gypaetus,barbatus,0.2131,703,2024-05-30,0.0624,190,2024-04-19
106,Vulture,Cape,Gyps,coprotheres,3.3056,10904,2024-05-30,1.1005,3353,2024-05-31
111,Vulture,Egyptian,Neophron,percnopterus,0.0009,3,2018-06-15,0.0007,2,2018-06-11
110,Vulture,Hooded,Necrosyrtes,monachus,1.2526,4132,2024-05-17,0.5081,1548,2024-05-30
108,Vulture,Lappet-faced,Torgos,tracheliotos,1.2923,4263,2024-05-30,0.6236,1900,2024-05-21
112,Vulture,Palm-nut,Gypohierax,angolensis,0.3877,1279,2024-05-25,0.1313,400,2024-05-25
1029,Vulture,Rppell's,Gyps,rueppelli,0.0045,15,2016-09-10,0.0003,1,2015-10-10
107,Vulture,White-backed,Gyps,africanus,6.4319,21217,2024-05-31,2.7073,8249,2024-05-31
109,Vulture,White-headed,Trigonoceps,occipitalis,0.6169,2035,2024-05-12,0.3144,958,2024-05-31
685,Wagtail,"African Pied",Motacilla,aguimp,9.2279,30440,2024-05-31,2.0053,6110,2024-05-30
686,Wagtail,Cape,Motacilla,capensis,51.0675,168456,2024-06-01,9.6728,29472,2024-05-31
1053,Wagtail,Citrine,Motacilla,citreola,0.0067,22,2018-04-18,0.0007,2,2015-04-26
690,Wagtail,Grey,Motacilla,cinerea,0.0279,92,2023-05-16,0.0118,36,2023-05-09
688,Wagtail,Mountain,Motacilla,clara,1.0359,3417,2024-05-30,0.1618,493,2024-05-24
689,Wagtail,"Western Yellow",Motacilla,flava,0.3098,1022,2024-04-01,0.0607,185,2024-03-21
3816,Wagtail,White,Motacilla,alba,0.0036,12,2022-11-29,0.0010,3,2022-11-29
606,Warbler,"African Reed (Old, Use Common Reed Warbler)",Acrocephalus,baeticatus,6.5253,21525,2024-05-26,0.5904,1799,2023-04-02
666,Warbler,"African Yellow ",Iduna,natalensis,2.1797,7190,2024-05-25,0.2045,623,2024-05-18
610,Warbler,Barratt's,Bradypterus,barratti,0.8661,2857,2024-05-25,0.1346,410,2024-05-12
949,Warbler,"Basra Reed ",Acrocephalus,griseldis,0.0003,1,2017-03-24,0.0000,0,-
658,Warbler,Chestnut-vented,Curruca,subcoerulea,17.7410,58522,2024-06-01,2.5734,7841,2024-06-01
613,Warbler,Cinnamon-breasted,Euryptila,subcinnamomea,0.2198,725,2024-05-04,0.0443,135,2024-04-01
14242,Warbler,"Common Reed",Acrocephalus,scirpaceus,0.5047,1665,2024-05-25,0.0706,215,2024-05-28
911,Warbler,"Eurasian Reed (Old, Use Common Reed Warbler)",Acrocephalus,scirpaceus,0.0006,2,2013-12-15,0.0000,0,-
595,Warbler,Garden,Sylvia,borin,0.5975,1971,2024-04-07,0.0876,267,2024-04-19
603,Warbler,"Great Reed ",Acrocephalus,arundinaceus,1.2032,3969,2024-04-18,0.1168,356,2024-03-12
596,Warbler,Icterine,Hippolais,icterina,0.5290,1745,2024-04-16,0.0742,226,2024-03-17
611,Warbler,Knysna,Bradypterus,sylvaticus,0.7733,2551,2024-05-27,0.1185,361,2024-05-16
659,Warbler,"Layard's ",Curruca,layardi,2.1463,7080,2024-05-26,0.2937,895,2024-05-23
604,Warbler,"Lesser Swamp ",Acrocephalus,gracilirostris,17.7813,58655,2024-06-01,1.9233,5860,2024-05-28
609,Warbler,"Little Rush",Bradypterus,baboecala,14.4682,47726,2024-06-01,1.6049,4890,2024-05-29
607,Warbler,Marsh,Acrocephalus,palustris,1.7783,5866,2024-04-29,0.1680,512,2024-04-01
653,Warbler,Namaqua,Phragmacia,substriata,1.7962,5925,2024-06-01,0.2343,714,2024-05-10
597,Warbler,Olive-tree,Hippolais,olivetorum,0.3116,1028,2024-03-27,0.0601,183,2024-03-17
598,Warbler,River,Locustella,fluviatilis,0.0527,174,2024-03-17,0.0121,37,2024-03-17
619,Warbler,Rufous-eared,Malcorus,pectoralis,5.1654,17039,2024-05-30,0.9757,2973,2024-05-17
608,Warbler,Sedge,Acrocephalus,schoenobaenus,0.4568,1507,2024-04-07,0.0630,192,2024-03-21
3276,Warbler,Upcher's,Hippolais,languida,0.0030,10,2018-03-29,0.0000,0,-
612,Warbler,Victorin's,Cryptillas,victorini,0.7609,2510,2024-05-25,0.1444,440,2024-05-27
599,Warbler,Willow,Phylloscopus,trochilus,8.4109,27745,2024-05-18,0.9462,2883,2024-05-11
947,Warbler,Wood,Phylloscopus,sibilatrix,0.0094,31,2022-08-07,0.0016,5,2022-07-18
671,Warbler,"Yellow-throated Woodland",Phylloscopus,ruficapilla,1.5788,5208,2024-05-30,0.1802,549,2024-05-17
4483,Waterhen,"White-breasted ",Amaurornis,phoenicurus,0.0009,3,2023-08-09,0.0000,0,-
677,Wattle-eye,Black-throated,Platysteira,peltata,0.6551,2161,2024-05-31,0.0873,266,2024-05-05
841,Waxbill,Black-faced,Brunhilda,erythronotos,2.5113,8284,2024-05-31,0.3630,1106,2024-04-29
839,Waxbill,Blue,Uraeginthus,angolensis,20.2541,66812,2024-06-01,5.0868,15499,2024-06-01
843,Waxbill,Common,Estrilda,astrild,28.7417,94810,2024-06-01,3.9857,12144,2024-05-30
842,Waxbill,Grey,Glaucestrilda,perreini,0.4302,1419,2024-05-27,0.0650,198,2024-05-18
838,Waxbill,Orange-breasted,Amandava,subflava,2.2233,7334,2024-06-01,0.2878,877,2024-05-04
825,Waxbill,Swee,Coccopygia,melanotis,3.4320,11321,2024-05-28,0.5737,1748,2024-05-27
840,Waxbill,Violet-eared,Granatina,granatina,3.1652,10441,2024-05-29,0.5616,1711,2024-05-13
799,Weaver,Cape,Ploceus,capensis,24.2117,79867,2024-06-01,4.3053,13118,2024-05-31
796,Weaver,Chestnut,Ploceus,rubiginosus,0.0009,3,2014-03-20,0.0000,0,-
790,Weaver,Dark-backed,Ploceus,bicolor,3.3580,11077,2024-05-30,0.4336,1321,2024-05-10
801,Weaver,Golden,Ploceus,xanthops,1.5109,4984,2024-05-26,0.1644,501,2024-04-12
792,Weaver,"Lesser Masked",Ploceus,intermedius,3.4832,11490,2024-05-29,0.6735,2052,2024-05-21
779,Weaver,"Red-billed Buffalo",Bubalornis,niger,4.4254,14598,2024-05-30,1.6748,5103,2024-06-01
793,Weaver,Red-headed,Anaplectes,rubriceps,2.7814,9175,2024-05-31,0.5724,1744,2024-06-01
789,Weaver,"Scaly-feathered ",Sporopipes,squamifrons,7.6897,25366,2024-06-01,2.0017,6099,2024-05-20
783,Weaver,Sociable,Philetairus,socius,2.0557,6781,2024-05-25,0.9902,3017,2024-05-11
802,Weaver,"Southern Brown-throated",Ploceus,xanthopterus,0.3441,1135,2024-05-12,0.0656,200,2023-12-22
803,Weaver,"Southern Masked ",Ploceus,velatus,49.4806,163221,2024-06-01,10.5622,32182,2024-09-08
791,Weaver,Spectacled,Ploceus,ocularis,13.6363,44982,2024-05-31,1.7805,5425,2024-05-28
804,Weaver,Thick-billed,Amblyospiza,albifrons,14.8905,49119,2024-05-31,2.0486,6242,2024-05-29
797,Weaver,Village,Ploceus,cucullatus,14.0122,46222,2024-05-31,2.5810,7864,2024-05-25
800,Weaver,Yellow,Ploceus,subaureus,3.2701,10787,2024-05-30,0.3965,1208,2024-05-01
568,Wheatear,Capped,Oenanthe,pileata,7.9280,26152,2024-05-31,2.1087,6425,2024-05-29
564,Wheatear,Mountain,Myrmecocichla,monticola,7.0446,23238,2024-05-29,1.4431,4397,2024-05-26
563,Wheatear,Northern,Oenanthe,oenanthe,0.0021,7,2023-02-20,0.0013,4,2021-01-17
268,Whimbrel,"Eurasian ",Numenius,phaeopus,3.3835,11161,2024-05-27,0.5629,1715,2024-05-18
1172,White-eye,Cape,Zosterops,virens,46.4624,153265,2024-06-01,8.2451,25122,2024-05-31
1171,White-eye,"Orange River",Zosterops,pallidus,4.0519,13366,2024-06-01,0.5304,1616,2024-05-23
13633,White-eye,"Southern Yellow",Zosterops,anderssoni,0.3732,1231,2024-05-27,0.0387,118,2024-05-14
777,White-eye,"Yellow (Pre-split)",Zosterops,senegalensis,0.0088,29,2022-11-03,0.0013,4,2021-06-18
594,Whitethroat,Common,Curruca,communis,0.3065,1011,2024-03-30,0.0630,192,2024-03-17
3400,Whitethroat,Lesser,Curruca,curruca,0.0097,32,2021-06-30,0.0039,12,2021-06-30
853,Whydah,"Broad-tailed Paradise ",Vidua,obtusa,0.0003,1,2017-11-11,0.0000,0,-
3984,Whydah,"Exclamatory Paradise ",Vidua,interjecta,0.0003,1,2018-03-13,0.0000,0,-
852,Whydah,"Long-tailed Paradise ",Vidua,paradisaea,3.4059,11235,2024-05-26,0.9751,2971,2024-04-24
846,Whydah,Pin-tailed,Vidua,macroura,24.6652,81363,2024-05-31,4.0828,12440,2024-05-26
847,Whydah,Shaft-tailed,Vidua,regia,1.7853,5889,2024-05-26,0.4283,1305,2024-05-21
816,Widowbird,Fan-tailed,Euplectes,axillaris,8.2351,27165,2024-05-30,1.6443,5010,2024-05-04
818,Widowbird,Long-tailed,Euplectes,progne,14.3339,47283,2024-06-01,3.7602,11457,2024-05-29
813,Widowbird,Red-collared,Euplectes,ardens,9.8066,32349,2024-05-28,1.4474,4410,2024-05-25
814,Widowbird,White-winged,Euplectes,albonotatus,9.2682,30573,2024-06-01,1.8911,5762,2024-05-25
419,"Wood Hoopoe","Green ",Phoeniculus,purpureus,21.6974,71573,2024-06-01,3.6703,11183,2024-06-01
451,Woodpecker,Bearded,Chloropicus,namaquus,4.2599,14052,2024-05-28,0.5891,1795,2024-05-18
446,Woodpecker,Bennett's,Campethera,bennettii,1.1229,3704,2024-05-31,0.2071,631,2024-04-08
450,Woodpecker,Cardinal,Dendropicos,fuscescens,14.3030,47181,2024-06-01,1.7365,5291,2024-05-30
447,Woodpecker,Golden-tailed,Campethera,abingoni,12.6417,41701,2024-05-31,1.6128,4914,2024-05-26
449,Woodpecker,Green-backed,Campethera,cailliautii,0.0003,1,2021-09-17,0.0000,0,-
445,Woodpecker,Ground,Geocolaptes,olivaceus,1.3039,4301,2024-05-30,0.2639,804,2024-04-28
448,Woodpecker,Knysna,Campethera,notata,2.3621,7792,2024-05-27,0.2576,785,2024-05-16
452,Woodpecker,Olive,Dendropicos,griseocephalus,4.1674,13747,2024-05-30,0.5373,1637,2024-05-28
614,Wren-Warbler,Barred,Calamonastes,fasciolatus,1.3220,4361,2024-05-22,0.2517,767,2024-04-29
615,Wren-Warbler,Stierling's,Calamonastes,stierlingi,1.2990,4285,2024-05-30,0.2990,911,2024-04-22
453,Wryneck,Red-throated,Jynx,ruficollis,7.8898,26026,2024-06-01,1.0499,3199,2024-05-25
1014,Yellowlegs,Lesser,Tringa,flavipes,0.0036,12,2018-03-23,0.0013,4,2018-03-14
