Pentad,Spp,Common_group,Common_species,Genus,Species,Jan,Feb,Mar,Apr,May,Jun,Jul,Aug,Sep,Oct,Nov,Dec,Total_Records,Total_Cards,ReportingRate
2435_2615,1,Ostrich,Common,Struthio,camelus,0.0,,0.0,0.0,,,,,0.0,33.3,,0.0,1,19,5.3
2435_2615,6,Grebe,Little,Tachybaptus,ruficollis,50.0,,0.0,0.0,,,,,100.0,0.0,,50.0,8,19,42.1
2435_2615,54,Heron,Grey,Ardea,cinerea,25.0,,0.0,0.0,,,,,0.0,0.0,,0.0,1,19,5.3
2435_2615,55,Heron,Black-headed,Ardea,melanocephala,50.0,,0.0,0.0,,,,,50.0,0.0,,12.5,4,19,21.1
2435_2615,61,Egret,"Western Cattle",Bubulcus,ibis,0.0,,0.0,0.0,,,,,100.0,33.3,,12.5,4,19,21.1
2435_2615,73,Stork,Marabou,Leptoptilos,crumenifer,0.0,,0.0,0.0,,,,,0.0,0.0,,12.5,1,19,5.3
2435_2615,80,Stork,White,Ciconia,ciconia,25.0,,0.0,0.0,,,,,0.0,0.0,,0.0,1,19,5.3
2435_2615,83,Ibis,Glossy,Plegadis,falcinellus,0.0,,0.0,0.0,,,,,0.0,33.3,,0.0,1,19,5.3
2435_2615,84,Ibis,"Hadada ",Bostrychia,hagedash,25.0,,0.0,0.0,,,,,0.0,0.0,,12.5,2,19,10.5
2435_2615,85,Spoonbill,African,Platalea,alba,50.0,,0.0,0.0,,,,,0.0,0.0,,25.0,4,19,21.1
2435_2615,88,Goose,Spur-winged,Plectropterus,gambensis,0.0,,0.0,0.0,,,,,0.0,0.0,,12.5,1,19,5.3
2435_2615,89,Goose,Egyptian,Alopochen,aegyptiaca,25.0,,0.0,0.0,,,,,50.0,0.0,,62.5,7,19,36.8
2435_2615,91,Duck,Knob-billed,Sarkidiornis,melanotos,50.0,,0.0,0.0,,,,,0.0,0.0,,0.0,2,19,10.5
2435_2615,96,Duck,Yellow-billed,Anas,undulata,25.0,,0.0,0.0,,,,,100.0,33.3,,37.5,7,19,36.8
2435_2615,97,Teal,Red-billed,Anas,erythrorhyncha,50.0,,0.0,0.0,,,,,100.0,33.3,,50.0,9,19,47.4
2435_2615,100,Duck,"White-faced Whistling",Dendrocygna,viduata,50.0,,0.0,0.0,,,,,100.0,33.3,,50.0,9,19,47.4
2435_2615,102,Pochard,Southern,Netta,erythrophthalma,0.0,,0.0,0.0,,,,,50.0,0.0,,0.0,1,19,5.3
2435_2615,107,Vulture,White-backed,Gyps,africanus,0.0,,0.0,0.0,,,,,0.0,0.0,,12.5,1,19,5.3
2435_2615,114,Falcon,Lanner,Falco,biarmicus,0.0,,0.0,100.0,,,,,0.0,0.0,,12.5,2,19,10.5
2435_2615,119,Falcon,Amur,Falco,amurensis,25.0,,0.0,0.0,,,,,0.0,0.0,,0.0,1,19,5.3
2435_2615,129,Kite,Yellow-billed,Milvus,aegyptius,0.0,,0.0,0.0,,,,,0.0,0.0,,12.5,1,19,5.3
2435_2615,130,Kite,"Black-winged ",Elanus,caeruleus,0.0,,0.0,100.0,,,,,0.0,33.3,,12.5,3,19,15.8
2435_2615,135,Eagle,Steppe,Aquila,nipalensis,25.0,,0.0,0.0,,,,,0.0,0.0,,0.0,1,19,5.3
2435_2615,137,Eagle,Wahlberg's,Hieraaetus,wahlbergi,25.0,,0.0,0.0,,,,,0.0,0.0,,12.5,2,19,10.5
2435_2615,146,Eagle,"Black-chested Snake",Circaetus,pectoralis,0.0,,100.0,0.0,,,,,0.0,0.0,,0.0,1,19,5.3
2435_2615,154,Buzzard,Common,Buteo,buteo,25.0,,0.0,0.0,,,,,0.0,0.0,,37.5,4,19,21.1
2435_2615,162,Goshawk,Gabar,Micronisus,gabar,0.0,,100.0,0.0,,,,,50.0,33.3,,0.0,3,19,15.8
2435_2615,165,Goshawk,"Pale Chanting",Melierax,canorus,25.0,,0.0,100.0,,,,,0.0,33.3,,25.0,5,19,26.3
2435_2615,174,Francolin,Crested,Dendroperdix,sephaena,75.0,,0.0,100.0,,,,,0.0,33.3,,37.5,8,19,42.1
2435_2615,183,Spurfowl,Natal,Pternistis,natalensis,50.0,,100.0,100.0,,,,,0.0,0.0,,25.0,6,19,31.6
2435_2615,185,Spurfowl,Swainson's,Pternistis,swainsonii,75.0,,100.0,100.0,,,,,50.0,66.7,,75.0,14,19,73.7
2435_2615,192,Guineafowl,Helmeted,Numida,meleagris,25.0,,100.0,0.0,,,,,0.0,66.7,,50.0,8,19,42.1
2435_2615,196,Buttonquail,Common,Turnix,sylvaticus,0.0,,0.0,0.0,,,,,0.0,0.0,,12.5,1,19,5.3
2435_2615,217,Bustard,Kori,Ardeotis,kori,25.0,,0.0,0.0,,,,,50.0,0.0,,12.5,3,19,15.8
2435_2615,224,Korhaan,Red-crested,Lophotis,ruficrista,75.0,,100.0,100.0,,,,,50.0,66.7,,100.0,16,19,84.2
2435_2615,228,Jacana,African,Actophilornis,africanus,0.0,,0.0,0.0,,,,,50.0,0.0,,0.0,1,19,5.3
2435_2615,238,Plover,Three-banded,Charadrius,tricollaris,25.0,,0.0,0.0,,,,,100.0,33.3,,25.0,6,19,31.6
2435_2615,242,Lapwing,Crowned,Vanellus,coronatus,50.0,,100.0,0.0,,,,,50.0,66.7,,37.5,9,19,47.4
2435_2615,245,Lapwing,Blacksmith,Vanellus,armatus,50.0,,0.0,0.0,,,,,50.0,33.3,,75.0,10,19,52.6
2435_2615,253,Stint,Little,Calidris,minuta,25.0,,0.0,0.0,,,,,0.0,0.0,,12.5,2,19,10.5
2435_2615,256,,Ruff,Calidris,pugnax,0.0,,0.0,0.0,,,,,50.0,0.0,,0.0,1,19,5.3
2435_2615,258,Sandpiper,Common,Actitis,hypoleucos,25.0,,0.0,0.0,,,,,50.0,33.3,,12.5,4,19,21.1
2435_2615,259,Sandpiper,Green,Tringa,ochropus,25.0,,0.0,0.0,,,,,0.0,0.0,,0.0,1,19,5.3
2435_2615,262,Sandpiper,Marsh,Tringa,stagnatilis,0.0,,0.0,0.0,,,,,0.0,0.0,,12.5,1,19,5.3
2435_2615,263,Greenshank,Common,Tringa,nebularia,0.0,,0.0,0.0,,,,,50.0,33.3,,37.5,5,19,26.3
2435_2615,264,Sandpiper,Wood,Tringa,glareola,50.0,,0.0,0.0,,,,,50.0,0.0,,50.0,7,19,36.8
2435_2615,270,Stilt,Black-winged,Himantopus,himantopus,0.0,,0.0,0.0,,,,,0.0,0.0,,12.5,1,19,5.3
2435_2615,275,Thick-knee,Spotted,Burhinus,capensis,0.0,,0.0,0.0,,,,,0.0,0.0,,12.5,1,19,5.3
2435_2615,277,Courser,Temminck's,Cursorius,temminckii,0.0,,0.0,0.0,,,,,0.0,0.0,,25.0,2,19,10.5
2435_2615,310,Sandgrouse,Double-banded,Pterocles,bicinctus,0.0,,100.0,0.0,,,,,0.0,0.0,,12.5,2,19,10.5
2435_2615,311,Pigeon,Speckled,Columba,guinea,100.0,,0.0,100.0,,,,,0.0,33.3,,50.0,10,19,52.6
2435_2615,314,Dove,Red-eyed,Streptopelia,semitorquata,75.0,,0.0,0.0,,,,,50.0,33.3,,37.5,8,19,42.1
2435_2615,316,Dove,"Cape Turtle",Streptopelia,capicola,100.0,,100.0,100.0,,,,,100.0,66.7,,87.5,17,19,89.5
2435_2615,317,Dove,Laughing,Spilopelia,senegalensis,50.0,,100.0,0.0,,,,,100.0,66.7,,87.5,14,19,73.7
2435_2615,318,Dove,Namaqua,Oena,capensis,25.0,,100.0,0.0,,,,,0.0,0.0,,50.0,6,19,31.6
2435_2615,339,Go-away-bird,Grey,Crinifer,concolor,75.0,,0.0,0.0,,,,,0.0,66.7,,62.5,10,19,52.6
2435_2615,344,Cuckoo,Black,Cuculus,clamosus,75.0,,0.0,0.0,,,,,0.0,33.3,,50.0,8,19,42.1
2435_2615,346,Cuckoo,"Great Spotted",Clamator,glandarius,0.0,,0.0,0.0,,,,,0.0,0.0,,12.5,1,19,5.3
2435_2615,348,Cuckoo,Jacobin,Clamator,jacobinus,25.0,,0.0,0.0,,,,,0.0,33.3,,37.5,5,19,26.3
2435_2615,351,Cuckoo,Klaas's,Chrysococcyx,klaas,25.0,,0.0,0.0,,,,,0.0,0.0,,25.0,3,19,15.8
2435_2615,352,Cuckoo,Diederik,Chrysococcyx,caprius,75.0,,0.0,0.0,,,,,0.0,33.3,,62.5,9,19,47.4
2435_2615,359,Owl,"Western Barn ",Tyto,alba,0.0,,0.0,0.0,,,,,0.0,0.0,,12.5,1,19,5.3
2435_2615,364,Owl,"Southern White-faced Scops",Ptilopsis,granti,0.0,,0.0,0.0,,,,,0.0,0.0,,12.5,1,19,5.3
2435_2615,378,Swift,Common,Apus,apus,0.0,,0.0,0.0,,,,,0.0,0.0,,12.5,1,19,5.3
2435_2615,380,Swift,"African Black",Apus,barbatus,25.0,,0.0,0.0,,,,,0.0,0.0,,0.0,1,19,5.3
2435_2615,383,Swift,White-rumped,Apus,caffer,100.0,,0.0,100.0,,,,,50.0,66.7,,50.0,12,19,63.2
2435_2615,384,Swift,Horus,Apus,horus,0.0,,0.0,100.0,,,,,0.0,0.0,,0.0,1,19,5.3
2435_2615,385,Swift,Little,Apus,affinis,100.0,,0.0,0.0,,,,,50.0,66.7,,50.0,11,19,57.9
2435_2615,387,Swift,"African Palm",Cypsiurus,parvus,75.0,,100.0,100.0,,,,,50.0,66.7,,75.0,14,19,73.7
2435_2615,392,Mousebird,Red-faced,Urocolius,indicus,25.0,,0.0,0.0,,,,,0.0,33.3,,75.0,8,19,42.1
2435_2615,399,Kingfisher,Woodland,Halcyon,senegalensis,50.0,,0.0,0.0,,,,,0.0,0.0,,25.0,4,19,21.1
2435_2615,404,Bee-eater,European,Merops,apiaster,25.0,,0.0,0.0,,,,,0.0,0.0,,87.5,8,19,42.1
2435_2615,405,Bee-eater,Blue-cheeked,Merops,persicus,25.0,,0.0,0.0,,,,,0.0,0.0,,37.5,4,19,21.1
2435_2615,407,Bee-eater,"Southern Carmine",Merops,nubicoides,0.0,,0.0,0.0,,,,,0.0,0.0,,12.5,1,19,5.3
2435_2615,410,Bee-eater,Little,Merops,pusillus,25.0,,0.0,100.0,,,,,0.0,0.0,,50.0,6,19,31.6
2435_2615,411,Bee-eater,Swallow-tailed,Merops,hirundineus,0.0,,0.0,0.0,,,,,0.0,0.0,,37.5,3,19,15.8
2435_2615,412,Roller,European,Coracias,garrulus,50.0,,0.0,0.0,,,,,0.0,0.0,,12.5,3,19,15.8
2435_2615,413,Roller,Lilac-breasted,Coracias,caudatus,50.0,,100.0,100.0,,,,,0.0,0.0,,87.5,11,19,57.9
2435_2615,415,Roller,Purple,Coracias,naevius,75.0,,0.0,0.0,,,,,100.0,33.3,,87.5,13,19,68.4
2435_2615,418,Hoopoe,African,Upupa,africana,0.0,,0.0,0.0,,,,,0.0,66.7,,25.0,4,19,21.1
2435_2615,419,"Wood Hoopoe","Green ",Phoeniculus,purpureus,0.0,,0.0,100.0,,,,,50.0,0.0,,12.5,3,19,15.8
2435_2615,421,Scimitarbill,Common,Rhinopomastus,cyanomelas,0.0,,0.0,0.0,,,,,0.0,0.0,,25.0,2,19,10.5
2435_2615,424,Hornbill,"African Grey",Lophoceros,nasutus,25.0,,0.0,100.0,,,,,50.0,66.7,,12.5,6,19,31.6
2435_2615,426,Hornbill,"Southern Yellow-billed",Tockus,leucomelas,0.0,,100.0,100.0,,,,,100.0,100.0,,62.5,12,19,63.2
2435_2615,432,Barbet,"Acacia Pied",Tricholaema,leucomelas,50.0,,0.0,100.0,,,,,0.0,33.3,,50.0,8,19,42.1
2435_2615,439,Barbet,Crested,Trachyphonus,vaillantii,25.0,,0.0,0.0,,,,,0.0,0.0,,0.0,1,19,5.3
2435_2615,451,Woodpecker,Bearded,Chloropicus,namaquus,0.0,,0.0,0.0,,,,,0.0,0.0,,12.5,1,19,5.3
2435_2615,457,Lark,Monotonous,Mirafra,passerina,50.0,,0.0,0.0,,,,,0.0,0.0,,37.5,5,19,26.3
2435_2615,458,Lark,Rufous-naped,Mirafra,africana,0.0,,0.0,100.0,,,,,0.0,0.0,,50.0,5,19,26.3
2435_2615,459,Lark,Fawn-colored,Calendulauda,africanoides,0.0,,100.0,100.0,,,,,0.0,0.0,,12.5,3,19,15.8
2435_2615,460,Lark,Sabota,Calendulauda,sabota,75.0,,100.0,0.0,,,,,0.0,33.3,,62.5,10,19,52.6
2435_2615,493,Swallow,Barn,Hirundo,rustica,100.0,,100.0,0.0,,,,,0.0,66.7,,75.0,13,19,68.4
2435_2615,501,Swallow,Red-breasted,Cecropis,semirufa,0.0,,0.0,0.0,,,,,0.0,66.7,,75.0,8,19,42.1
2435_2615,502,Swallow,"Greater Striped",Cecropis,cucullata,25.0,,0.0,0.0,,,,,0.0,33.3,,12.5,3,19,15.8
2435_2615,503,Swallow,"Lesser Striped",Cecropis,abyssinica,100.0,,100.0,0.0,,,,,0.0,66.7,,100.0,15,19,78.9
2435_2615,517,Drongo,Fork-tailed,Dicrurus,adsimilis,50.0,,100.0,100.0,,,,,0.0,33.3,,50.0,9,19,47.4
2435_2615,522,Crow,Pied,Corvus,albus,25.0,,0.0,100.0,,,,,0.0,66.7,,37.5,7,19,36.8
2435_2615,531,Tit,"Cape Penduline",Anthoscopus,minutus,0.0,,100.0,0.0,,,,,0.0,0.0,,0.0,1,19,5.3
2435_2615,533,Babbler,Arrow-marked,Turdoides,jardineii,0.0,,0.0,0.0,,,,,0.0,33.3,,37.5,4,19,21.1
2435_2615,536,Babbler,"Southern Pied",Turdoides,bicolor,50.0,,100.0,0.0,,,,,100.0,33.3,,75.0,12,19,63.2
2435_2615,557,Thrush,Groundscraper,Turdus,litsitsirupa,0.0,,0.0,0.0,,,,,0.0,33.3,,25.0,3,19,15.8
2435_2615,575,Chat,"Ant-eating ",Myrmecocichla,formicivora,0.0,,100.0,0.0,,,,,0.0,0.0,,37.5,4,19,21.1
2435_2615,586,"Scrub Robin",Kalahari,Cercotrichas,paena,50.0,,0.0,100.0,,,,,0.0,33.3,,62.5,9,19,47.4
2435_2615,588,"Scrub Robin",White-browed,Cercotrichas,leucophrys,0.0,,0.0,0.0,,,,,0.0,0.0,,50.0,4,19,21.1
2435_2615,597,Warbler,Olive-tree,Hippolais,olivetorum,25.0,,0.0,0.0,,,,,0.0,0.0,,0.0,1,19,5.3
2435_2615,601,Eremomela,Burnt-necked,Eremomela,usticollis,25.0,,0.0,0.0,,,,,0.0,33.3,,25.0,4,19,21.1
2435_2615,614,Wren-Warbler,Barred,Calamonastes,fasciolatus,50.0,,100.0,0.0,,,,,0.0,0.0,,62.5,8,19,42.1
2435_2615,621,Crombec,Long-billed,Sylvietta,rufescens,50.0,,0.0,0.0,,,,,0.0,33.3,,50.0,7,19,36.8
2435_2615,628,Camaroptera,Grey-backed,Camaroptera,brevicaudata,0.0,,0.0,0.0,,,,,0.0,33.3,,0.0,1,19,5.3
2435_2615,629,Cisticola,Zitting,Cisticola,juncidis,50.0,,100.0,0.0,,,,,0.0,0.0,,37.5,6,19,31.6
2435_2615,630,Cisticola,Desert,Cisticola,aridulus,0.0,,0.0,0.0,,,,,0.0,33.3,,37.5,4,19,21.1
2435_2615,637,,Neddicky,Cisticola,fulvicapilla,0.0,,100.0,100.0,,,,,0.0,0.0,,0.0,2,19,10.5
2435_2615,642,Cisticola,Rattling,Cisticola,chiniana,75.0,,100.0,100.0,,,,,0.0,66.7,,75.0,13,19,68.4
2435_2615,649,Prinia,Tawny-flanked,Prinia,subflava,25.0,,0.0,0.0,,,,,0.0,0.0,,0.0,1,19,5.3
2435_2615,650,Prinia,Black-chested,Prinia,flavicans,25.0,,100.0,0.0,,,,,0.0,33.3,,50.0,7,19,36.8
2435_2615,654,Flycatcher,Spotted,Muscicapa,striata,25.0,,0.0,0.0,,,,,0.0,0.0,,0.0,1,19,5.3
2435_2615,658,Warbler,Chestnut-vented,Curruca,subcoerulea,25.0,,0.0,100.0,,,,,0.0,33.3,,25.0,5,19,26.3
2435_2615,661,Flycatcher,Marico,Melaenornis,mariquensis,50.0,,0.0,100.0,,,,,0.0,66.7,,37.5,8,19,42.1
2435_2615,673,Batis,Chinspot,Batis,molitor,0.0,,100.0,0.0,,,,,0.0,33.3,,12.5,3,19,15.8
2435_2615,694,Pipit,Plain-backed,Anthus,leucophrys,0.0,,0.0,0.0,,,,,0.0,0.0,,12.5,1,19,5.3
2435_2615,695,Pipit,Buffy,Anthus,vaalensis,0.0,,0.0,0.0,,,,,0.0,0.0,,25.0,2,19,10.5
2435_2615,706,Shrike,"Lesser Grey",Lanius,minor,50.0,,100.0,0.0,,,,,0.0,0.0,,87.5,10,19,52.6
2435_2615,708,Shrike,Red-backed,Lanius,collurio,100.0,,100.0,0.0,,,,,0.0,0.0,,87.5,12,19,63.2
2435_2615,711,Shrike,Crimson-breasted,Laniarius,atrococcineus,25.0,,0.0,100.0,,,,,0.0,33.3,,37.5,6,19,31.6
2435_2615,714,Tchagra,Brown-crowned,Tchagra,australis,25.0,,0.0,100.0,,,,,0.0,0.0,,25.0,4,19,21.1
2435_2615,724,Shrike,Magpie,Urolestes,melanoleucus,75.0,,100.0,100.0,,,,,0.0,66.7,,37.5,10,19,52.6
2435_2615,730,Shrike,"Southern White-crowned",Eurocephalus,anguitimens,0.0,,0.0,0.0,,,,,0.0,33.3,,25.0,3,19,15.8
2435_2615,731,,Brubru,Nilaus,afer,0.0,,0.0,0.0,,,,,0.0,0.0,,25.0,2,19,10.5
2435_2615,734,Myna,Common,Acridotheres,tristis,25.0,,0.0,0.0,,,,,0.0,0.0,,50.0,5,19,26.3
2435_2615,735,Starling,Wattled,Creatophora,cinerea,25.0,,0.0,0.0,,,,,0.0,0.0,,50.0,5,19,26.3
2435_2615,736,Starling,Violet-backed,Cinnyricinclus,leucogaster,0.0,,0.0,0.0,,,,,0.0,0.0,,12.5,1,19,5.3
2435_2615,737,Starling,Cape,Lamprotornis,nitens,100.0,,100.0,100.0,,,,,0.0,66.7,,100.0,16,19,84.2
2435_2615,743,Starling,Burchell's,Lamprotornis,australis,50.0,,100.0,100.0,,,,,0.0,33.3,,62.5,10,19,52.6
2435_2615,748,Oxpecker,Red-billed,Buphagus,erythrorynchus,0.0,,0.0,100.0,,,,,0.0,0.0,,37.5,4,19,21.1
2435_2615,755,Sunbird,Marico,Cinnyris,mariquensis,0.0,,0.0,0.0,,,,,0.0,33.3,,25.0,3,19,15.8
2435_2615,779,Weaver,"Red-billed Buffalo",Bubalornis,niger,50.0,,100.0,0.0,,,,,0.0,0.0,,50.0,7,19,36.8
2435_2615,780,Sparrow-Weaver,"White-browed ",Plocepasser,mahali,0.0,,0.0,0.0,,,,,0.0,33.3,,12.5,2,19,10.5
2435_2615,785,Sparrow,Great,Passer,motitensis,25.0,,0.0,0.0,,,,,0.0,0.0,,0.0,1,19,5.3
2435_2615,789,Weaver,"Scaly-feathered ",Sporopipes,squamifrons,0.0,,100.0,100.0,,,,,0.0,33.3,,62.5,8,19,42.1
2435_2615,792,Weaver,"Lesser Masked",Ploceus,intermedius,0.0,,0.0,0.0,,,,,0.0,0.0,,12.5,1,19,5.3
2435_2615,797,Weaver,Village,Ploceus,cucullatus,0.0,,0.0,100.0,,,,,0.0,0.0,,0.0,1,19,5.3
2435_2615,803,Weaver,"Southern Masked ",Ploceus,velatus,25.0,,0.0,0.0,,,,,0.0,33.3,,25.0,4,19,21.1
2435_2615,805,Quelea,Red-billed,Quelea,quelea,25.0,,100.0,0.0,,,,,50.0,0.0,,50.0,7,19,36.8
2435_2615,812,Bishop,Yellow-crowned,Euplectes,afer,0.0,,0.0,0.0,,,,,0.0,0.0,,12.5,1,19,5.3
2435_2615,814,Widowbird,White-winged,Euplectes,albonotatus,50.0,,0.0,0.0,,,,,0.0,0.0,,50.0,6,19,31.6
2435_2615,820,Finch,Red-headed,Amadina,erythrocephala,0.0,,0.0,0.0,,,,,0.0,0.0,,12.5,1,19,5.3
2435_2615,830,Pytilia,Green-winged,Pytilia,melba,25.0,,100.0,100.0,,,,,100.0,33.3,,37.5,9,19,47.4
2435_2615,837,Firefinch,Red-billed,Lagonosticta,senegala,0.0,,0.0,100.0,,,,,0.0,0.0,,12.5,2,19,10.5
2435_2615,839,Waxbill,Blue,Uraeginthus,angolensis,50.0,,100.0,100.0,,,,,100.0,66.7,,75.0,14,19,73.7
2435_2615,840,Waxbill,Violet-eared,Granatina,granatina,0.0,,0.0,100.0,,,,,50.0,0.0,,12.5,3,19,15.8
2435_2615,841,Waxbill,Black-faced,Brunhilda,erythronotos,0.0,,0.0,0.0,,,,,0.0,33.3,,25.0,3,19,15.8
2435_2615,843,Waxbill,Common,Estrilda,astrild,0.0,,0.0,0.0,,,,,0.0,0.0,,12.5,1,19,5.3
2435_2615,847,Whydah,Shaft-tailed,Vidua,regia,25.0,,100.0,100.0,,,,,0.0,0.0,,37.5,6,19,31.6
2435_2615,852,Whydah,"Long-tailed Paradise ",Vidua,paradisaea,25.0,,100.0,0.0,,,,,0.0,0.0,,12.5,3,19,15.8
2435_2615,859,Canary,Yellow-fronted,Crithagra,mozambica,0.0,,0.0,0.0,,,,,0.0,0.0,,12.5,1,19,5.3
2435_2615,860,Canary,Black-throated,Crithagra,atrogularis,25.0,,0.0,0.0,,,,,0.0,0.0,,25.0,3,19,15.8
2435_2615,872,Bunting,Cinnamon-breasted,Emberiza,tahapisi,0.0,,100.0,0.0,,,,,0.0,0.0,,25.0,3,19,15.8
2435_2615,874,Bunting,Golden-breasted,Emberiza,flaviventris,0.0,,0.0,0.0,,,,,50.0,0.0,,0.0,1,19,5.3
2435_2615,4129,Hornbill,"Southern Red-billed",Tockus,rufirostris,0.0,,0.0,100.0,,,,,50.0,0.0,,0.0,2,19,10.5
2435_2615,4131,Coucal,Burchell's,Centropus,burchellii,0.0,,0.0,0.0,,,,,0.0,0.0,,12.5,1,19,5.3
2435_2615,4142,Sparrow,"Southern Grey-headed",Passer,diffusus,75.0,,100.0,100.0,,,,,0.0,66.7,,50.0,11,19,57.9
2435_2620,1,Ostrich,Common,Struthio,camelus,0.0,0.0,0.0,0.0,25.0,50.0,0.0,0.0,0.0,0.0,0.0,0.0,2,44,4.5
2435_2620,6,Grebe,Little,Tachybaptus,ruficollis,33.3,0.0,0.0,0.0,0.0,0.0,0.0,25.0,50.0,0.0,50.0,30.0,11,44,25.0
2435_2620,47,Cormorant,"White-breasted ",Phalacrocorax,lucidus,11.1,0.0,0.0,0.0,25.0,0.0,0.0,0.0,0.0,0.0,0.0,0.0,2,44,4.5
2435_2620,50,Cormorant,Reed,Microcarbo,africanus,0.0,0.0,0.0,0.0,0.0,0.0,0.0,25.0,0.0,0.0,0.0,10.0,2,44,4.5
2435_2620,52,Darter,African,Anhinga,rufa,0.0,0.0,0.0,0.0,0.0,0.0,0.0,25.0,0.0,0.0,0.0,0.0,1,44,2.3
2435_2620,54,Heron,Grey,Ardea,cinerea,11.1,0.0,0.0,33.3,0.0,0.0,0.0,0.0,0.0,0.0,0.0,0.0,2,44,4.5
2435_2620,59,Egret,Little,Egretta,garzetta,11.1,0.0,0.0,0.0,0.0,0.0,0.0,0.0,0.0,0.0,0.0,0.0,1,44,2.3
2435_2620,60,Egret,Intermediate,Ardea,intermedia,11.1,0.0,0.0,0.0,0.0,0.0,0.0,0.0,0.0,0.0,0.0,0.0,1,44,2.3
2435_2620,61,Egret,"Western Cattle",Bubulcus,ibis,11.1,0.0,0.0,0.0,0.0,0.0,0.0,0.0,0.0,0.0,0.0,10.0,2,44,4.5
2435_2620,63,Heron,Striated,Butorides,striata,0.0,0.0,0.0,0.0,25.0,0.0,0.0,25.0,0.0,0.0,0.0,0.0,2,44,4.5
2435_2620,72,,Hamerkop,Scopus,umbretta,0.0,0.0,0.0,0.0,0.0,0.0,0.0,0.0,0.0,0.0,25.0,0.0,1,44,2.3
2435_2620,76,Stork,Yellow-billed,Mycteria,ibis,0.0,0.0,0.0,33.3,0.0,0.0,0.0,0.0,0.0,0.0,0.0,0.0,1,44,2.3
2435_2620,80,Stork,White,Ciconia,ciconia,0.0,0.0,0.0,0.0,0.0,0.0,0.0,0.0,0.0,0.0,25.0,0.0,1,44,2.3
2435_2620,81,Ibis,"African Sacred",Threskiornis,aethiopicus,0.0,0.0,0.0,0.0,0.0,0.0,0.0,0.0,0.0,0.0,25.0,0.0,1,44,2.3
2435_2620,84,Ibis,"Hadada ",Bostrychia,hagedash,0.0,0.0,0.0,0.0,0.0,0.0,0.0,0.0,0.0,0.0,0.0,10.0,1,44,2.3
2435_2620,85,Spoonbill,African,Platalea,alba,11.1,0.0,0.0,33.3,0.0,0.0,0.0,0.0,0.0,0.0,50.0,10.0,5,44,11.4
2435_2620,88,Goose,Spur-winged,Plectropterus,gambensis,11.1,0.0,0.0,0.0,0.0,0.0,0.0,0.0,0.0,0.0,25.0,10.0,3,44,6.8
2435_2620,89,Goose,Egyptian,Alopochen,aegyptiaca,55.6,100.0,100.0,66.7,50.0,0.0,0.0,0.0,75.0,0.0,50.0,70.0,23,44,52.3
2435_2620,91,Duck,Knob-billed,Sarkidiornis,melanotos,11.1,0.0,0.0,0.0,0.0,0.0,0.0,0.0,0.0,0.0,25.0,40.0,6,44,13.6
2435_2620,95,Duck,"African Black",Anas,sparsa,0.0,0.0,0.0,0.0,25.0,0.0,0.0,0.0,0.0,0.0,0.0,0.0,1,44,2.3
2435_2620,96,Duck,Yellow-billed,Anas,undulata,0.0,0.0,0.0,0.0,0.0,0.0,0.0,0.0,0.0,0.0,50.0,0.0,2,44,4.5
2435_2620,97,Teal,Red-billed,Anas,erythrorhyncha,44.4,100.0,0.0,33.3,0.0,0.0,0.0,0.0,50.0,0.0,0.0,30.0,11,44,25.0
2435_2620,100,Duck,"White-faced Whistling",Dendrocygna,viduata,11.1,0.0,0.0,0.0,0.0,0.0,0.0,0.0,0.0,0.0,0.0,0.0,1,44,2.3
2435_2620,102,Pochard,Southern,Netta,erythrophthalma,11.1,0.0,0.0,0.0,0.0,0.0,0.0,0.0,0.0,0.0,0.0,0.0,1,44,2.3
2435_2620,106,Vulture,Cape,Gyps,coprotheres,0.0,0.0,0.0,0.0,0.0,0.0,100.0,0.0,0.0,0.0,0.0,0.0,1,44,2.3
2435_2620,107,Vulture,White-backed,Gyps,africanus,0.0,0.0,100.0,0.0,0.0,0.0,100.0,25.0,0.0,0.0,25.0,0.0,4,44,9.1
2435_2620,108,Vulture,Lappet-faced,Torgos,tracheliotos,0.0,0.0,0.0,0.0,0.0,0.0,0.0,0.0,0.0,0.0,25.0,10.0,2,44,4.5
2435_2620,113,Falcon,Peregrine,Falco,peregrinus,0.0,0.0,0.0,0.0,0.0,0.0,0.0,0.0,0.0,0.0,0.0,10.0,1,44,2.3
2435_2620,114,Falcon,Lanner,Falco,biarmicus,11.1,0.0,0.0,0.0,0.0,0.0,0.0,0.0,0.0,0.0,0.0,0.0,1,44,2.3
2435_2620,115,Hobby,Eurasian,Falco,subbuteo,0.0,0.0,0.0,0.0,0.0,0.0,0.0,0.0,0.0,0.0,25.0,0.0,1,44,2.3
2435_2620,119,Falcon,Amur,Falco,amurensis,22.2,0.0,0.0,0.0,0.0,0.0,0.0,0.0,0.0,0.0,0.0,10.0,3,44,6.8
2435_2620,123,Kestrel,Rock,Falco,rupicolus,0.0,0.0,0.0,0.0,0.0,0.0,0.0,0.0,0.0,0.0,25.0,0.0,1,44,2.3
2435_2620,125,Kestrel,Lesser,Falco,naumanni,0.0,0.0,0.0,0.0,0.0,0.0,0.0,0.0,0.0,0.0,0.0,10.0,1,44,2.3
2435_2620,129,Kite,Yellow-billed,Milvus,aegyptius,22.2,0.0,0.0,0.0,0.0,0.0,0.0,0.0,0.0,0.0,0.0,0.0,2,44,4.5
2435_2620,130,Kite,"Black-winged ",Elanus,caeruleus,44.4,0.0,0.0,0.0,0.0,0.0,0.0,25.0,25.0,100.0,25.0,30.0,11,44,25.0
2435_2620,136,Eagle,"Lesser Spotted",Clanga,pomarina,22.2,100.0,0.0,0.0,0.0,0.0,0.0,0.0,0.0,0.0,0.0,0.0,3,44,6.8
2435_2620,137,Eagle,Wahlberg's,Hieraaetus,wahlbergi,0.0,0.0,0.0,0.0,0.0,0.0,0.0,0.0,0.0,0.0,0.0,10.0,1,44,2.3
2435_2620,141,Hawk-eagle,African,Aquila,spilogaster,22.2,0.0,0.0,0.0,0.0,0.0,0.0,0.0,25.0,0.0,0.0,10.0,4,44,9.1
2435_2620,142,Eagle,Martial,Polemaetus,bellicosus,0.0,0.0,0.0,0.0,0.0,0.0,0.0,0.0,0.0,0.0,25.0,0.0,1,44,2.3
2435_2620,145,Eagle,"Brown Snake ",Circaetus,cinereus,0.0,0.0,0.0,0.0,0.0,0.0,0.0,0.0,0.0,0.0,25.0,10.0,2,44,4.5
2435_2620,146,Eagle,"Black-chested Snake",Circaetus,pectoralis,33.3,0.0,0.0,33.3,0.0,0.0,0.0,50.0,0.0,100.0,0.0,10.0,8,44,18.2
2435_2620,149,Eagle,"African Fish",Haliaeetus,vocifer,0.0,0.0,0.0,0.0,25.0,0.0,0.0,50.0,0.0,0.0,0.0,10.0,4,44,9.1
2435_2620,154,Buzzard,Common,Buteo,buteo,22.2,0.0,0.0,0.0,0.0,0.0,0.0,0.0,0.0,0.0,25.0,40.0,7,44,15.9
2435_2620,162,Goshawk,Gabar,Micronisus,gabar,11.1,100.0,0.0,66.7,50.0,50.0,100.0,25.0,50.0,0.0,0.0,10.0,12,44,27.3
2435_2620,165,Goshawk,"Pale Chanting",Melierax,canorus,11.1,0.0,0.0,33.3,50.0,0.0,100.0,0.0,0.0,100.0,75.0,40.0,13,44,29.5
2435_2620,173,Francolin,Coqui,Peliperdix,coqui,0.0,0.0,0.0,0.0,0.0,0.0,0.0,0.0,25.0,0.0,0.0,0.0,1,44,2.3
2435_2620,174,Francolin,Crested,Dendroperdix,sephaena,44.4,0.0,100.0,66.7,25.0,50.0,0.0,0.0,0.0,100.0,50.0,20.0,14,44,31.8
2435_2620,183,Spurfowl,Natal,Pternistis,natalensis,22.2,100.0,0.0,66.7,0.0,0.0,0.0,25.0,25.0,0.0,50.0,40.0,13,44,29.5
2435_2620,185,Spurfowl,Swainson's,Pternistis,swainsonii,77.8,0.0,100.0,66.7,50.0,50.0,0.0,25.0,50.0,100.0,75.0,70.0,27,44,61.4
2435_2620,190,Quail,Harlequin,Coturnix,delegorguei,22.2,0.0,0.0,0.0,0.0,0.0,0.0,0.0,0.0,0.0,0.0,20.0,4,44,9.1
2435_2620,192,Guineafowl,Helmeted,Numida,meleagris,44.4,100.0,0.0,66.7,75.0,100.0,100.0,75.0,25.0,100.0,75.0,70.0,28,44,63.6
2435_2620,196,Buttonquail,Common,Turnix,sylvaticus,33.3,0.0,0.0,33.3,25.0,100.0,100.0,0.0,25.0,0.0,0.0,20.0,11,44,25.0
2435_2620,203,Crake,Black,Zapornia,flavirostra,11.1,0.0,0.0,0.0,0.0,0.0,0.0,0.0,0.0,0.0,0.0,0.0,1,44,2.3
2435_2620,213,Finfoot,African,Podica,senegalensis,11.1,0.0,0.0,0.0,25.0,0.0,0.0,0.0,0.0,0.0,0.0,0.0,2,44,4.5
2435_2620,217,Bustard,Kori,Ardeotis,kori,22.2,0.0,0.0,0.0,0.0,0.0,100.0,0.0,50.0,0.0,25.0,10.0,7,44,15.9
2435_2620,224,Korhaan,Red-crested,Lophotis,ruficrista,77.8,100.0,100.0,33.3,25.0,100.0,100.0,50.0,100.0,100.0,100.0,90.0,34,44,77.3
2435_2620,238,Plover,Three-banded,Charadrius,tricollaris,55.6,100.0,100.0,66.7,50.0,50.0,0.0,0.0,25.0,0.0,75.0,30.0,19,44,43.2
2435_2620,242,Lapwing,Crowned,Vanellus,coronatus,22.2,100.0,0.0,66.7,0.0,50.0,100.0,100.0,75.0,100.0,50.0,30.0,20,44,45.5
2435_2620,245,Lapwing,Blacksmith,Vanellus,armatus,44.4,0.0,100.0,66.7,75.0,0.0,0.0,0.0,50.0,0.0,75.0,50.0,20,44,45.5
2435_2620,258,Sandpiper,Common,Actitis,hypoleucos,0.0,0.0,0.0,0.0,0.0,0.0,0.0,0.0,0.0,0.0,0.0,10.0,1,44,2.3
2435_2620,263,Greenshank,Common,Tringa,nebularia,0.0,0.0,0.0,0.0,0.0,0.0,0.0,0.0,0.0,0.0,0.0,10.0,1,44,2.3
2435_2620,264,Sandpiper,Wood,Tringa,glareola,11.1,100.0,100.0,0.0,0.0,0.0,0.0,0.0,0.0,0.0,25.0,10.0,5,44,11.4
2435_2620,275,Thick-knee,Spotted,Burhinus,capensis,22.2,100.0,0.0,0.0,0.0,0.0,0.0,0.0,25.0,0.0,25.0,20.0,7,44,15.9
2435_2620,280,Courser,Bronze-winged,Rhinoptilus,chalcopterus,22.2,0.0,100.0,0.0,0.0,0.0,0.0,0.0,0.0,0.0,0.0,10.0,4,44,9.1
2435_2620,306,Skimmer,African,Rynchops,flavirostris,0.0,0.0,0.0,0.0,0.0,0.0,0.0,0.0,0.0,0.0,0.0,10.0,1,44,2.3
2435_2620,308,Sandgrouse,Burchell's,Pterocles,burchelli,0.0,0.0,0.0,0.0,0.0,0.0,0.0,0.0,0.0,100.0,0.0,0.0,1,44,2.3
2435_2620,309,Sandgrouse,Yellow-throated,Pterocles,gutturalis,0.0,0.0,0.0,66.7,0.0,0.0,100.0,0.0,50.0,0.0,50.0,20.0,9,44,20.5
2435_2620,310,Sandgrouse,Double-banded,Pterocles,bicinctus,33.3,100.0,100.0,33.3,0.0,0.0,100.0,25.0,25.0,0.0,50.0,20.0,13,44,29.5
2435_2620,311,Pigeon,Speckled,Columba,guinea,0.0,100.0,0.0,66.7,50.0,0.0,0.0,25.0,25.0,100.0,25.0,20.0,11,44,25.0
2435_2620,314,Dove,Red-eyed,Streptopelia,semitorquata,11.1,100.0,0.0,33.3,0.0,50.0,100.0,25.0,0.0,0.0,0.0,20.0,8,44,18.2
2435_2620,316,Dove,"Cape Turtle",Streptopelia,capicola,100.0,100.0,100.0,100.0,100.0,100.0,0.0,100.0,100.0,100.0,100.0,100.0,43,44,97.7
2435_2620,317,Dove,Laughing,Spilopelia,senegalensis,77.8,100.0,100.0,66.7,75.0,0.0,0.0,25.0,100.0,100.0,75.0,70.0,30,44,68.2
2435_2620,318,Dove,Namaqua,Oena,capensis,44.4,0.0,0.0,33.3,0.0,0.0,0.0,0.0,0.0,0.0,0.0,40.0,9,44,20.5
2435_2620,321,Dove,"Emerald-spotted Wood",Turtur,chalcospilos,0.0,0.0,0.0,0.0,0.0,0.0,0.0,0.0,0.0,0.0,0.0,10.0,1,44,2.3
2435_2620,339,Go-away-bird,Grey,Crinifer,concolor,55.6,100.0,100.0,66.7,75.0,50.0,100.0,75.0,75.0,100.0,75.0,50.0,29,44,65.9
2435_2620,341,Cuckoo,African,Cuculus,gularis,0.0,0.0,0.0,0.0,0.0,0.0,0.0,0.0,0.0,0.0,25.0,20.0,3,44,6.8
2435_2620,343,Cuckoo,Red-chested,Cuculus,solitarius,0.0,0.0,0.0,0.0,0.0,0.0,0.0,0.0,0.0,0.0,0.0,20.0,2,44,4.5
2435_2620,344,Cuckoo,Black,Cuculus,clamosus,44.4,0.0,0.0,0.0,0.0,0.0,0.0,0.0,0.0,100.0,50.0,70.0,14,44,31.8
2435_2620,346,Cuckoo,"Great Spotted",Clamator,glandarius,0.0,0.0,0.0,0.0,0.0,0.0,0.0,0.0,0.0,0.0,0.0,20.0,2,44,4.5
2435_2620,347,Cuckoo,Levaillant's,Clamator,levaillantii,11.1,0.0,0.0,0.0,0.0,0.0,0.0,0.0,0.0,0.0,0.0,10.0,2,44,4.5
2435_2620,348,Cuckoo,Jacobin,Clamator,jacobinus,22.2,0.0,0.0,0.0,0.0,0.0,0.0,0.0,0.0,0.0,50.0,50.0,9,44,20.5
2435_2620,351,Cuckoo,Klaas's,Chrysococcyx,klaas,11.1,0.0,0.0,0.0,0.0,0.0,0.0,0.0,0.0,0.0,0.0,0.0,1,44,2.3
2435_2620,352,Cuckoo,Diederik,Chrysococcyx,caprius,44.4,0.0,0.0,0.0,0.0,0.0,0.0,0.0,0.0,0.0,50.0,60.0,12,44,27.3
2435_2620,359,Owl,"Western Barn ",Tyto,alba,0.0,0.0,0.0,0.0,0.0,0.0,0.0,0.0,0.0,0.0,0.0,20.0,2,44,4.5
2435_2620,365,Owlet,Pearl-spotted,Glaucidium,perlatum,0.0,0.0,0.0,33.3,0.0,0.0,0.0,25.0,25.0,0.0,25.0,0.0,4,44,9.1
2435_2620,368,Eagle-Owl,Spotted,Bubo,africanus,22.2,0.0,0.0,0.0,0.0,0.0,0.0,25.0,0.0,0.0,0.0,0.0,3,44,6.8
2435_2620,371,Nightjar,European,Caprimulgus,europaeus,0.0,0.0,0.0,0.0,0.0,0.0,0.0,0.0,0.0,0.0,25.0,0.0,1,44,2.3
2435_2620,372,Nightjar,Rufous-cheeked,Caprimulgus,rufigena,22.2,0.0,0.0,0.0,0.0,0.0,0.0,0.0,0.0,0.0,25.0,0.0,3,44,6.8
2435_2620,373,Nightjar,Fiery-necked,Caprimulgus,pectoralis,11.1,100.0,100.0,0.0,0.0,0.0,100.0,0.0,25.0,0.0,25.0,0.0,6,44,13.6
2435_2620,374,Nightjar,Freckled,Caprimulgus,tristigma,11.1,0.0,0.0,0.0,0.0,0.0,0.0,0.0,0.0,0.0,0.0,0.0,1,44,2.3
2435_2620,376,Nightjar,Square-tailed,Caprimulgus,fossii,0.0,0.0,0.0,0.0,0.0,0.0,0.0,0.0,25.0,0.0,0.0,0.0,1,44,2.3
2435_2620,378,Swift,Common,Apus,apus,11.1,0.0,0.0,0.0,0.0,0.0,0.0,0.0,0.0,0.0,0.0,30.0,4,44,9.1
2435_2620,380,Swift,"African Black",Apus,barbatus,0.0,0.0,0.0,0.0,0.0,0.0,0.0,0.0,0.0,0.0,0.0,10.0,1,44,2.3
2435_2620,383,Swift,White-rumped,Apus,caffer,55.6,100.0,100.0,33.3,0.0,0.0,0.0,25.0,25.0,100.0,75.0,40.0,18,44,40.9
2435_2620,385,Swift,Little,Apus,affinis,22.2,0.0,100.0,33.3,0.0,0.0,0.0,25.0,25.0,100.0,75.0,10.0,11,44,25.0
2435_2620,387,Swift,"African Palm",Cypsiurus,parvus,0.0,0.0,0.0,0.0,0.0,0.0,0.0,0.0,0.0,0.0,0.0,10.0,1,44,2.3
2435_2620,390,Mousebird,Speckled,Colius,striatus,0.0,0.0,0.0,33.3,0.0,0.0,0.0,0.0,0.0,0.0,0.0,0.0,1,44,2.3
2435_2620,391,Mousebird,White-backed,Colius,colius,11.1,0.0,0.0,0.0,25.0,0.0,0.0,0.0,0.0,0.0,0.0,0.0,2,44,4.5
2435_2620,392,Mousebird,Red-faced,Urocolius,indicus,33.3,0.0,0.0,0.0,25.0,0.0,0.0,0.0,50.0,100.0,75.0,30.0,13,44,29.5
2435_2620,394,Kingfisher,Pied,Ceryle,rudis,0.0,0.0,0.0,0.0,25.0,0.0,0.0,25.0,0.0,0.0,0.0,10.0,3,44,6.8
2435_2620,399,Kingfisher,Woodland,Halcyon,senegalensis,44.4,0.0,0.0,0.0,0.0,0.0,0.0,0.0,0.0,0.0,25.0,20.0,7,44,15.9
2435_2620,402,Kingfisher,Brown-hooded,Halcyon,albiventris,0.0,0.0,0.0,0.0,0.0,0.0,0.0,25.0,0.0,0.0,0.0,10.0,2,44,4.5
2435_2620,404,Bee-eater,European,Merops,apiaster,77.8,100.0,0.0,0.0,0.0,0.0,0.0,0.0,0.0,100.0,100.0,80.0,21,44,47.7
2435_2620,405,Bee-eater,Blue-cheeked,Merops,persicus,44.4,0.0,0.0,0.0,0.0,0.0,0.0,0.0,0.0,100.0,25.0,50.0,11,44,25.0
2435_2620,407,Bee-eater,"Southern Carmine",Merops,nubicoides,55.6,0.0,0.0,0.0,0.0,0.0,0.0,0.0,0.0,0.0,0.0,40.0,9,44,20.5
2435_2620,409,Bee-eater,White-fronted,Merops,bullockoides,11.1,0.0,0.0,0.0,0.0,0.0,0.0,0.0,0.0,0.0,0.0,0.0,1,44,2.3
2435_2620,410,Bee-eater,Little,Merops,pusillus,0.0,0.0,0.0,0.0,0.0,0.0,100.0,0.0,0.0,0.0,25.0,0.0,2,44,4.5
2435_2620,411,Bee-eater,Swallow-tailed,Merops,hirundineus,0.0,0.0,0.0,0.0,0.0,0.0,0.0,0.0,25.0,0.0,50.0,30.0,6,44,13.6
2435_2620,412,Roller,European,Coracias,garrulus,11.1,0.0,0.0,0.0,0.0,0.0,0.0,0.0,0.0,0.0,0.0,30.0,4,44,9.1
2435_2620,413,Roller,Lilac-breasted,Coracias,caudatus,33.3,100.0,0.0,66.7,50.0,100.0,0.0,25.0,25.0,0.0,0.0,50.0,17,44,38.6
2435_2620,415,Roller,Purple,Coracias,naevius,44.4,0.0,0.0,0.0,25.0,50.0,100.0,0.0,25.0,0.0,75.0,50.0,16,44,36.4
2435_2620,418,Hoopoe,African,Upupa,africana,22.2,0.0,0.0,33.3,50.0,0.0,100.0,25.0,75.0,100.0,25.0,40.0,16,44,36.4
2435_2620,419,"Wood Hoopoe","Green ",Phoeniculus,purpureus,11.1,100.0,0.0,33.3,0.0,100.0,100.0,25.0,50.0,0.0,50.0,30.0,14,44,31.8
2435_2620,421,Scimitarbill,Common,Rhinopomastus,cyanomelas,11.1,0.0,0.0,33.3,25.0,0.0,0.0,25.0,50.0,0.0,0.0,40.0,10,44,22.7
2435_2620,424,Hornbill,"African Grey",Lophoceros,nasutus,33.3,0.0,0.0,66.7,0.0,0.0,0.0,25.0,75.0,0.0,0.0,20.0,11,44,25.0
2435_2620,426,Hornbill,"Southern Yellow-billed",Tockus,leucomelas,66.7,100.0,100.0,66.7,75.0,100.0,100.0,50.0,100.0,100.0,100.0,70.0,34,44,77.3
2435_2620,431,Barbet,Black-collared,Lybius,torquatus,0.0,0.0,0.0,0.0,0.0,0.0,0.0,0.0,0.0,0.0,0.0,10.0,1,44,2.3
2435_2620,432,Barbet,"Acacia Pied",Tricholaema,leucomelas,77.8,0.0,0.0,66.7,25.0,0.0,100.0,25.0,50.0,0.0,25.0,40.0,19,44,43.2
2435_2620,439,Barbet,Crested,Trachyphonus,vaillantii,0.0,0.0,0.0,0.0,25.0,0.0,0.0,25.0,0.0,0.0,0.0,0.0,2,44,4.5
2435_2620,440,Honeyguide,Greater,Indicator,indicator,11.1,0.0,0.0,0.0,0.0,0.0,0.0,0.0,0.0,0.0,0.0,0.0,1,44,2.3
2435_2620,442,Honeyguide,Lesser,Indicator,minor,0.0,0.0,0.0,0.0,0.0,0.0,0.0,0.0,0.0,0.0,0.0,10.0,1,44,2.3
2435_2620,447,Woodpecker,Golden-tailed,Campethera,abingoni,11.1,0.0,0.0,33.3,0.0,0.0,0.0,0.0,0.0,0.0,0.0,0.0,2,44,4.5
2435_2620,450,Woodpecker,Cardinal,Dendropicos,fuscescens,0.0,0.0,0.0,33.3,0.0,0.0,0.0,25.0,0.0,0.0,0.0,30.0,5,44,11.4
2435_2620,451,Woodpecker,Bearded,Chloropicus,namaquus,11.1,0.0,0.0,0.0,0.0,0.0,0.0,50.0,25.0,0.0,0.0,20.0,6,44,13.6
2435_2620,457,Lark,Monotonous,Mirafra,passerina,33.3,0.0,0.0,0.0,0.0,0.0,0.0,0.0,0.0,0.0,25.0,40.0,8,44,18.2
2435_2620,458,Lark,Rufous-naped,Mirafra,africana,11.1,0.0,0.0,0.0,0.0,0.0,0.0,0.0,0.0,0.0,0.0,10.0,2,44,4.5
2435_2620,460,Lark,Sabota,Calendulauda,sabota,77.8,100.0,100.0,100.0,75.0,100.0,100.0,50.0,75.0,0.0,75.0,70.0,33,44,75.0
2435_2620,493,Swallow,Barn,Hirundo,rustica,100.0,100.0,100.0,33.3,0.0,0.0,0.0,0.0,0.0,100.0,75.0,80.0,24,44,54.5
2435_2620,501,Swallow,Red-breasted,Cecropis,semirufa,55.6,100.0,100.0,0.0,0.0,0.0,0.0,0.0,25.0,100.0,75.0,60.0,18,44,40.9
2435_2620,503,Swallow,"Lesser Striped",Cecropis,abyssinica,77.8,0.0,0.0,0.0,0.0,0.0,0.0,50.0,25.0,100.0,100.0,80.0,23,44,52.3
2435_2620,507,Martin,"Common House",Delichon,urbicum,0.0,0.0,100.0,0.0,0.0,0.0,0.0,0.0,0.0,0.0,0.0,0.0,1,44,2.3
2435_2620,514,Tit,Ashy,Melaniparus,cinerascens,11.1,0.0,0.0,33.3,0.0,0.0,0.0,25.0,50.0,0.0,25.0,20.0,8,44,18.2
2435_2620,517,Drongo,Fork-tailed,Dicrurus,adsimilis,66.7,100.0,100.0,100.0,100.0,100.0,100.0,100.0,100.0,0.0,75.0,90.0,38,44,86.4
2435_2620,521,Oriole,Black-headed,Oriolus,larvatus,0.0,0.0,0.0,0.0,0.0,0.0,0.0,25.0,0.0,0.0,0.0,0.0,1,44,2.3
2435_2620,522,Crow,Pied,Corvus,albus,33.3,0.0,0.0,33.3,25.0,50.0,100.0,25.0,75.0,0.0,25.0,50.0,17,44,38.6
2435_2620,527,Tit,"Southern Black",Melaniparus,niger,0.0,0.0,0.0,0.0,0.0,0.0,0.0,50.0,0.0,0.0,0.0,10.0,3,44,6.8
2435_2620,531,Tit,"Cape Penduline",Anthoscopus,minutus,0.0,0.0,0.0,0.0,0.0,50.0,0.0,0.0,0.0,0.0,0.0,10.0,2,44,4.5
2435_2620,533,Babbler,Arrow-marked,Turdoides,jardineii,0.0,0.0,0.0,66.7,0.0,0.0,0.0,100.0,25.0,0.0,25.0,10.0,9,44,20.5
2435_2620,536,Babbler,"Southern Pied",Turdoides,bicolor,55.6,0.0,100.0,66.7,75.0,100.0,100.0,100.0,75.0,100.0,25.0,60.0,29,44,65.9
2435_2620,544,Bulbul,"African Red-eyed",Pycnonotus,nigricans,0.0,0.0,0.0,0.0,25.0,0.0,100.0,0.0,25.0,0.0,0.0,0.0,3,44,6.8
2435_2620,552,Thrush,Kurrichane,Turdus,libonyana,0.0,0.0,0.0,0.0,0.0,0.0,0.0,25.0,0.0,0.0,0.0,0.0,1,44,2.3
2435_2620,557,Thrush,Groundscraper,Turdus,litsitsirupa,22.2,0.0,100.0,0.0,25.0,0.0,0.0,0.0,25.0,0.0,25.0,10.0,7,44,15.9
2435_2620,568,Wheatear,Capped,Oenanthe,pileata,0.0,0.0,0.0,0.0,0.0,0.0,0.0,0.0,0.0,0.0,0.0,10.0,1,44,2.3
2435_2620,570,Chat,Familiar,Oenanthe,familiaris,11.1,0.0,0.0,0.0,25.0,0.0,0.0,0.0,0.0,0.0,0.0,0.0,2,44,4.5
2435_2620,582,Robin-Chat,White-throated,Cossypha,humeralis,0.0,0.0,0.0,0.0,0.0,0.0,0.0,25.0,50.0,0.0,0.0,30.0,6,44,13.6
2435_2620,586,"Scrub Robin",Kalahari,Cercotrichas,paena,44.4,0.0,0.0,66.7,50.0,50.0,100.0,25.0,50.0,0.0,50.0,60.0,21,44,47.7
2435_2620,588,"Scrub Robin",White-browed,Cercotrichas,leucophrys,55.6,0.0,100.0,33.3,25.0,100.0,100.0,50.0,75.0,0.0,50.0,40.0,22,44,50.0
2435_2620,597,Warbler,Olive-tree,Hippolais,olivetorum,0.0,0.0,0.0,0.0,0.0,0.0,0.0,0.0,0.0,0.0,0.0,20.0,2,44,4.5
2435_2620,601,Eremomela,Burnt-necked,Eremomela,usticollis,11.1,0.0,0.0,0.0,0.0,0.0,0.0,0.0,0.0,0.0,0.0,20.0,3,44,6.8
2435_2620,614,Wren-Warbler,Barred,Calamonastes,fasciolatus,66.7,0.0,0.0,33.3,0.0,0.0,100.0,25.0,25.0,0.0,50.0,70.0,19,44,43.2
2435_2620,621,Crombec,Long-billed,Sylvietta,rufescens,33.3,0.0,0.0,0.0,25.0,100.0,0.0,50.0,25.0,0.0,25.0,50.0,15,44,34.1
2435_2620,628,Camaroptera,Grey-backed,Camaroptera,brevicaudata,33.3,0.0,0.0,0.0,0.0,0.0,100.0,25.0,0.0,0.0,25.0,10.0,7,44,15.9
2435_2620,629,Cisticola,Zitting,Cisticola,juncidis,11.1,0.0,100.0,0.0,25.0,0.0,100.0,0.0,0.0,0.0,0.0,10.0,5,44,11.4
2435_2620,630,Cisticola,Desert,Cisticola,aridulus,0.0,0.0,0.0,33.3,0.0,0.0,0.0,0.0,25.0,0.0,0.0,10.0,3,44,6.8
2435_2620,637,,Neddicky,Cisticola,fulvicapilla,11.1,0.0,0.0,0.0,25.0,50.0,0.0,50.0,0.0,0.0,0.0,0.0,5,44,11.4
2435_2620,641,Cisticola,Tinkling,Cisticola,rufilatus,0.0,0.0,0.0,0.0,0.0,0.0,100.0,0.0,0.0,0.0,0.0,0.0,1,44,2.3
2435_2620,642,Cisticola,Rattling,Cisticola,chiniana,100.0,0.0,0.0,100.0,50.0,100.0,100.0,50.0,50.0,100.0,75.0,80.0,33,44,75.0
2435_2620,648,Cisticola,Lazy,Cisticola,aberrans,0.0,0.0,100.0,0.0,0.0,0.0,0.0,0.0,0.0,0.0,0.0,0.0,1,44,2.3
2435_2620,649,Prinia,Tawny-flanked,Prinia,subflava,11.1,0.0,0.0,0.0,25.0,0.0,100.0,50.0,25.0,0.0,0.0,10.0,7,44,15.9
2435_2620,650,Prinia,Black-chested,Prinia,flavicans,44.4,0.0,0.0,33.3,25.0,0.0,0.0,25.0,50.0,0.0,0.0,30.0,12,44,27.3
2435_2620,654,Flycatcher,Spotted,Muscicapa,striata,33.3,100.0,100.0,0.0,0.0,0.0,0.0,0.0,0.0,100.0,25.0,20.0,9,44,20.5
2435_2620,657,Tit-Flycatcher,Grey,Myioparus,plumbeus,11.1,0.0,0.0,0.0,0.0,0.0,0.0,0.0,0.0,0.0,0.0,0.0,1,44,2.3
2435_2620,658,Warbler,Chestnut-vented,Curruca,subcoerulea,33.3,0.0,0.0,66.7,25.0,100.0,100.0,50.0,0.0,0.0,0.0,60.0,17,44,38.6
2435_2620,661,Flycatcher,Marico,Melaenornis,mariquensis,55.6,0.0,100.0,100.0,100.0,100.0,0.0,25.0,50.0,100.0,25.0,50.0,25,44,56.8
2435_2620,664,Flycatcher,"Southern Black",Melaenornis,pammelaina,0.0,0.0,0.0,0.0,0.0,0.0,0.0,25.0,0.0,0.0,0.0,0.0,1,44,2.3
2435_2620,665,Flycatcher,Fiscal,Melaenornis,silens,0.0,0.0,0.0,0.0,25.0,50.0,0.0,0.0,0.0,0.0,0.0,0.0,2,44,4.5
2435_2620,673,Batis,Chinspot,Batis,molitor,33.3,0.0,0.0,33.3,0.0,50.0,100.0,50.0,0.0,100.0,25.0,30.0,13,44,29.5
2435_2620,686,Wagtail,Cape,Motacilla,capensis,0.0,0.0,0.0,33.3,50.0,0.0,0.0,0.0,0.0,0.0,0.0,0.0,3,44,6.8
2435_2620,692,Pipit,African,Anthus,cinnamomeus,11.1,0.0,0.0,0.0,0.0,0.0,0.0,25.0,25.0,0.0,0.0,30.0,6,44,13.6
2435_2620,694,Pipit,Plain-backed,Anthus,leucophrys,0.0,0.0,0.0,0.0,0.0,0.0,0.0,0.0,0.0,0.0,0.0,10.0,1,44,2.3
2435_2620,695,Pipit,Buffy,Anthus,vaalensis,0.0,0.0,0.0,33.3,0.0,0.0,0.0,0.0,0.0,0.0,0.0,0.0,1,44,2.3
2435_2620,706,Shrike,"Lesser Grey",Lanius,minor,55.6,100.0,100.0,0.0,0.0,0.0,0.0,0.0,0.0,100.0,50.0,70.0,17,44,38.6
2435_2620,708,Shrike,Red-backed,Lanius,collurio,88.9,100.0,100.0,0.0,0.0,0.0,0.0,0.0,0.0,0.0,100.0,100.0,24,44,54.5
2435_2620,711,Shrike,Crimson-breasted,Laniarius,atrococcineus,66.7,100.0,100.0,66.7,75.0,100.0,100.0,50.0,50.0,0.0,25.0,40.0,25,44,56.8
2435_2620,712,Puffback,Black-backed,Dryoscopus,cubla,22.2,0.0,0.0,0.0,0.0,0.0,0.0,25.0,0.0,0.0,0.0,10.0,4,44,9.1
2435_2620,714,Tchagra,Brown-crowned,Tchagra,australis,11.1,0.0,0.0,100.0,0.0,0.0,100.0,25.0,25.0,100.0,25.0,60.0,15,44,34.1
2435_2620,715,Tchagra,Black-crowned,Tchagra,senegalus,0.0,0.0,0.0,0.0,0.0,0.0,0.0,25.0,0.0,0.0,0.0,0.0,1,44,2.3
2435_2620,719,Bushshrike,Orange-breasted,Chlorophoneus,sulfureopectus,11.1,0.0,0.0,0.0,25.0,0.0,0.0,0.0,0.0,0.0,0.0,0.0,2,44,4.5
2435_2620,724,Shrike,Magpie,Urolestes,melanoleucus,11.1,0.0,100.0,33.3,25.0,100.0,100.0,50.0,25.0,100.0,50.0,30.0,16,44,36.4
2435_2620,730,Shrike,"Southern White-crowned",Eurocephalus,anguitimens,11.1,0.0,100.0,33.3,0.0,0.0,0.0,25.0,75.0,100.0,0.0,40.0,12,44,27.3
2435_2620,731,,Brubru,Nilaus,afer,11.1,0.0,0.0,0.0,0.0,0.0,0.0,0.0,25.0,0.0,0.0,20.0,4,44,9.1
2435_2620,734,Myna,Common,Acridotheres,tristis,0.0,0.0,0.0,0.0,0.0,0.0,100.0,25.0,0.0,0.0,0.0,0.0,2,44,4.5
2435_2620,735,Starling,Wattled,Creatophora,cinerea,55.6,100.0,0.0,33.3,0.0,0.0,0.0,0.0,0.0,0.0,50.0,60.0,15,44,34.1
2435_2620,737,Starling,Cape,Lamprotornis,nitens,55.6,100.0,100.0,100.0,50.0,100.0,100.0,50.0,100.0,100.0,100.0,70.0,33,44,75.0
2435_2620,743,Starling,Burchell's,Lamprotornis,australis,33.3,0.0,0.0,33.3,75.0,50.0,0.0,75.0,75.0,0.0,25.0,60.0,21,44,47.7
2435_2620,748,Oxpecker,Red-billed,Buphagus,erythrorynchus,55.6,0.0,100.0,66.7,25.0,0.0,0.0,50.0,100.0,0.0,75.0,40.0,22,44,50.0
2435_2620,755,Sunbird,Marico,Cinnyris,mariquensis,11.1,0.0,0.0,0.0,0.0,0.0,0.0,25.0,50.0,0.0,50.0,50.0,11,44,25.0
2435_2620,763,Sunbird,White-bellied,Cinnyris,talatala,0.0,0.0,0.0,0.0,0.0,0.0,0.0,25.0,0.0,0.0,0.0,10.0,2,44,4.5
2435_2620,772,Sunbird,Amethyst,Chalcomitra,amethystina,0.0,0.0,0.0,0.0,0.0,0.0,0.0,25.0,0.0,0.0,0.0,0.0,1,44,2.3
2435_2620,779,Weaver,"Red-billed Buffalo",Bubalornis,niger,22.2,0.0,100.0,66.7,0.0,50.0,100.0,25.0,0.0,0.0,25.0,20.0,11,44,25.0
2435_2620,780,Sparrow-Weaver,"White-browed ",Plocepasser,mahali,0.0,0.0,0.0,33.3,0.0,0.0,0.0,0.0,0.0,0.0,50.0,10.0,4,44,9.1
2435_2620,784,Sparrow,House,Passer,domesticus,22.2,0.0,0.0,0.0,0.0,0.0,0.0,25.0,0.0,0.0,0.0,0.0,3,44,6.8
2435_2620,785,Sparrow,Great,Passer,motitensis,11.1,0.0,0.0,0.0,0.0,0.0,0.0,0.0,0.0,0.0,0.0,10.0,2,44,4.5
2435_2620,786,Sparrow,Cape,Passer,melanurus,0.0,0.0,0.0,0.0,0.0,0.0,0.0,25.0,0.0,0.0,0.0,0.0,1,44,2.3
2435_2620,789,Weaver,"Scaly-feathered ",Sporopipes,squamifrons,33.3,0.0,100.0,33.3,25.0,50.0,100.0,0.0,25.0,0.0,0.0,50.0,14,44,31.8
2435_2620,792,Weaver,"Lesser Masked",Ploceus,intermedius,0.0,0.0,0.0,0.0,0.0,0.0,0.0,0.0,0.0,0.0,0.0,10.0,1,44,2.3
2435_2620,803,Weaver,"Southern Masked ",Ploceus,velatus,44.4,0.0,0.0,33.3,25.0,50.0,0.0,25.0,0.0,0.0,50.0,40.0,14,44,31.8
2435_2620,805,Quelea,Red-billed,Quelea,quelea,55.6,0.0,0.0,0.0,25.0,0.0,0.0,0.0,0.0,0.0,25.0,40.0,11,44,25.0
2435_2620,808,Bishop,"Southern Red",Euplectes,orix,11.1,0.0,0.0,0.0,0.0,0.0,0.0,0.0,0.0,0.0,0.0,0.0,1,44,2.3
2435_2620,812,Bishop,Yellow-crowned,Euplectes,afer,22.2,0.0,0.0,0.0,0.0,0.0,0.0,0.0,0.0,0.0,0.0,10.0,3,44,6.8
2435_2620,814,Widowbird,White-winged,Euplectes,albonotatus,33.3,0.0,0.0,0.0,0.0,0.0,0.0,0.0,0.0,0.0,0.0,30.0,6,44,13.6
2435_2620,820,Finch,Red-headed,Amadina,erythrocephala,0.0,0.0,0.0,33.3,25.0,0.0,0.0,0.0,0.0,0.0,0.0,10.0,3,44,6.8
2435_2620,821,Finch,Cut-throat,Amadina,fasciata,0.0,0.0,0.0,0.0,25.0,0.0,0.0,0.0,0.0,0.0,0.0,0.0,1,44,2.3
2435_2620,830,Pytilia,Green-winged,Pytilia,melba,44.4,0.0,0.0,100.0,25.0,100.0,100.0,50.0,75.0,0.0,0.0,10.0,17,44,38.6
2435_2620,835,Firefinch,Jameson's,Lagonosticta,rhodopareia,0.0,0.0,0.0,0.0,0.0,0.0,0.0,25.0,25.0,0.0,0.0,0.0,2,44,4.5
2435_2620,837,Firefinch,Red-billed,Lagonosticta,senegala,22.2,0.0,0.0,0.0,0.0,50.0,0.0,25.0,25.0,0.0,0.0,0.0,5,44,11.4
2435_2620,839,Waxbill,Blue,Uraeginthus,angolensis,55.6,100.0,100.0,100.0,50.0,100.0,100.0,75.0,75.0,0.0,75.0,60.0,30,44,68.2
2435_2620,840,Waxbill,Violet-eared,Granatina,granatina,55.6,100.0,0.0,100.0,50.0,100.0,0.0,25.0,75.0,0.0,0.0,40.0,21,44,47.7
2435_2620,841,Waxbill,Black-faced,Brunhilda,erythronotos,22.2,0.0,0.0,0.0,0.0,100.0,100.0,0.0,0.0,0.0,0.0,10.0,6,44,13.6
2435_2620,844,,Quailfinch,Ortygospiza,atricollis,11.1,0.0,0.0,0.0,0.0,0.0,0.0,0.0,0.0,0.0,0.0,0.0,1,44,2.3
2435_2620,847,Whydah,Shaft-tailed,Vidua,regia,66.7,100.0,100.0,66.7,50.0,0.0,0.0,0.0,0.0,0.0,50.0,50.0,19,44,43.2
2435_2620,852,Whydah,"Long-tailed Paradise ",Vidua,paradisaea,44.4,100.0,0.0,33.3,25.0,0.0,0.0,0.0,0.0,0.0,25.0,10.0,9,44,20.5
2435_2620,859,Canary,Yellow-fronted,Crithagra,mozambica,0.0,0.0,0.0,0.0,0.0,0.0,100.0,25.0,0.0,0.0,0.0,0.0,2,44,4.5
2435_2620,860,Canary,Black-throated,Crithagra,atrogularis,0.0,0.0,0.0,0.0,0.0,0.0,0.0,0.0,0.0,0.0,50.0,30.0,5,44,11.4
2435_2620,867,Seedeater,Streaky-headed,Crithagra,gularis,0.0,0.0,0.0,0.0,0.0,0.0,0.0,25.0,0.0,0.0,0.0,0.0,1,44,2.3
2435_2620,871,Bunting,Lark-like,Emberiza,impetuani,0.0,0.0,0.0,33.3,0.0,0.0,0.0,0.0,0.0,0.0,0.0,0.0,1,44,2.3
2435_2620,872,Bunting,Cinnamon-breasted,Emberiza,tahapisi,11.1,0.0,0.0,33.3,0.0,0.0,0.0,0.0,0.0,0.0,0.0,20.0,4,44,9.1
2435_2620,874,Bunting,Golden-breasted,Emberiza,flaviventris,11.1,0.0,100.0,33.3,50.0,50.0,100.0,25.0,50.0,0.0,50.0,10.0,13,44,29.5
2435_2620,1172,White-eye,Cape,Zosterops,virens,0.0,0.0,0.0,0.0,0.0,0.0,0.0,25.0,0.0,0.0,0.0,0.0,1,44,2.3
2435_2620,4129,Hornbill,"Southern Red-billed",Tockus,rufirostris,33.3,0.0,0.0,33.3,0.0,100.0,100.0,75.0,75.0,100.0,75.0,60.0,23,44,52.3
2435_2620,4131,Coucal,Burchell's,Centropus,burchellii,22.2,0.0,0.0,0.0,0.0,0.0,0.0,0.0,0.0,0.0,25.0,0.0,3,44,6.8
2435_2620,4142,Sparrow,"Southern Grey-headed",Passer,diffusus,55.6,100.0,0.0,66.7,50.0,50.0,100.0,75.0,0.0,100.0,50.0,50.0,23,44,52.3
2435_2625,1,Ostrich,Common,Struthio,camelus,,,,0.0,,,,,,,,33.3,1,4,25.0
2435_2625,50,Cormorant,Reed,Microcarbo,africanus,,,,100.0,,,,,,,,0.0,1,4,25.0
2435_2625,54,Heron,Grey,Ardea,cinerea,,,,100.0,,,,,,,,0.0,1,4,25.0
2435_2625,55,Heron,Black-headed,Ardea,melanocephala,,,,0.0,,,,,,,,33.3,1,4,25.0
2435_2625,63,Heron,Striated,Butorides,striata,,,,100.0,,,,,,,,66.7,3,4,75.0
2435_2625,84,Ibis,"Hadada ",Bostrychia,hagedash,,,,100.0,,,,,,,,33.3,2,4,50.0
2435_2625,89,Goose,Egyptian,Alopochen,aegyptiaca,,,,0.0,,,,,,,,33.3,1,4,25.0
2435_2625,130,Kite,"Black-winged ",Elanus,caeruleus,,,,100.0,,,,,,,,33.3,2,4,50.0
2435_2625,149,Eagle,"African Fish",Haliaeetus,vocifer,,,,100.0,,,,,,,,33.3,2,4,50.0
2435_2625,174,Francolin,Crested,Dendroperdix,sephaena,,,,0.0,,,,,,,,33.3,1,4,25.0
2435_2625,183,Spurfowl,Natal,Pternistis,natalensis,,,,100.0,,,,,,,,100.0,4,4,100.0
2435_2625,185,Spurfowl,Swainson's,Pternistis,swainsonii,,,,100.0,,,,,,,,66.7,3,4,75.0
2435_2625,192,Guineafowl,Helmeted,Numida,meleagris,,,,100.0,,,,,,,,33.3,2,4,50.0
2435_2625,213,Finfoot,African,Podica,senegalensis,,,,100.0,,,,,,,,0.0,1,4,25.0
2435_2625,224,Korhaan,Red-crested,Lophotis,ruficrista,,,,0.0,,,,,,,,33.3,1,4,25.0
2435_2625,242,Lapwing,Crowned,Vanellus,coronatus,,,,100.0,,,,,,,,0.0,1,4,25.0
2435_2625,245,Lapwing,Blacksmith,Vanellus,armatus,,,,100.0,,,,,,,,0.0,1,4,25.0
2435_2625,247,Lapwing,"African Wattled",Vanellus,senegallus,,,,0.0,,,,,,,,33.3,1,4,25.0
2435_2625,275,Thick-knee,Spotted,Burhinus,capensis,,,,100.0,,,,,,,,0.0,1,4,25.0
2435_2625,311,Pigeon,Speckled,Columba,guinea,,,,100.0,,,,,,,,33.3,2,4,50.0
2435_2625,314,Dove,Red-eyed,Streptopelia,semitorquata,,,,0.0,,,,,,,,33.3,1,4,25.0
2435_2625,316,Dove,"Cape Turtle",Streptopelia,capicola,,,,100.0,,,,,,,,100.0,4,4,100.0
2435_2625,317,Dove,Laughing,Spilopelia,senegalensis,,,,100.0,,,,,,,,100.0,4,4,100.0
2435_2625,318,Dove,Namaqua,Oena,capensis,,,,100.0,,,,,,,,33.3,2,4,50.0
2435_2625,321,Dove,"Emerald-spotted Wood",Turtur,chalcospilos,,,,100.0,,,,,,,,66.7,3,4,75.0
2435_2625,339,Go-away-bird,Grey,Crinifer,concolor,,,,100.0,,,,,,,,100.0,4,4,100.0
2435_2625,343,Cuckoo,Red-chested,Cuculus,solitarius,,,,0.0,,,,,,,,33.3,1,4,25.0
2435_2625,344,Cuckoo,Black,Cuculus,clamosus,,,,0.0,,,,,,,,66.7,2,4,50.0
2435_2625,348,Cuckoo,Jacobin,Clamator,jacobinus,,,,0.0,,,,,,,,33.3,1,4,25.0
2435_2625,352,Cuckoo,Diederik,Chrysococcyx,caprius,,,,0.0,,,,,,,,66.7,2,4,50.0
2435_2625,378,Swift,Common,Apus,apus,,,,0.0,,,,,,,,33.3,1,4,25.0
2435_2625,380,Swift,"African Black",Apus,barbatus,,,,0.0,,,,,,,,33.3,1,4,25.0
2435_2625,383,Swift,White-rumped,Apus,caffer,,,,100.0,,,,,,,,33.3,2,4,50.0
2435_2625,385,Swift,Little,Apus,affinis,,,,0.0,,,,,,,,33.3,1,4,25.0
2435_2625,387,Swift,"African Palm",Cypsiurus,parvus,,,,0.0,,,,,,,,33.3,1,4,25.0
2435_2625,392,Mousebird,Red-faced,Urocolius,indicus,,,,0.0,,,,,,,,100.0,3,4,75.0
2435_2625,394,Kingfisher,Pied,Ceryle,rudis,,,,100.0,,,,,,,,0.0,1,4,25.0
2435_2625,395,Kingfisher,Giant,Megaceryle,maxima,,,,100.0,,,,,,,,0.0,1,4,25.0
2435_2625,397,Kingfisher,Malachite,Corythornis,cristatus,,,,100.0,,,,,,,,0.0,1,4,25.0
2435_2625,399,Kingfisher,Woodland,Halcyon,senegalensis,,,,0.0,,,,,,,,33.3,1,4,25.0
2435_2625,402,Kingfisher,Brown-hooded,Halcyon,albiventris,,,,0.0,,,,,,,,66.7,2,4,50.0
2435_2625,404,Bee-eater,European,Merops,apiaster,,,,0.0,,,,,,,,33.3,1,4,25.0
2435_2625,407,Bee-eater,"Southern Carmine",Merops,nubicoides,,,,0.0,,,,,,,,33.3,1,4,25.0
2435_2625,411,Bee-eater,Swallow-tailed,Merops,hirundineus,,,,0.0,,,,,,,,33.3,1,4,25.0
2435_2625,412,Roller,European,Coracias,garrulus,,,,0.0,,,,,,,,33.3,1,4,25.0
2435_2625,413,Roller,Lilac-breasted,Coracias,caudatus,,,,100.0,,,,,,,,100.0,4,4,100.0
2435_2625,415,Roller,Purple,Coracias,naevius,,,,100.0,,,,,,,,33.3,2,4,50.0
2435_2625,418,Hoopoe,African,Upupa,africana,,,,0.0,,,,,,,,33.3,1,4,25.0
2435_2625,419,"Wood Hoopoe","Green ",Phoeniculus,purpureus,,,,100.0,,,,,,,,0.0,1,4,25.0
2435_2625,424,Hornbill,"African Grey",Lophoceros,nasutus,,,,100.0,,,,,,,,66.7,3,4,75.0
2435_2625,426,Hornbill,"Southern Yellow-billed",Tockus,leucomelas,,,,100.0,,,,,,,,0.0,1,4,25.0
2435_2625,432,Barbet,"Acacia Pied",Tricholaema,leucomelas,,,,100.0,,,,,,,,33.3,2,4,50.0
2435_2625,439,Barbet,Crested,Trachyphonus,vaillantii,,,,0.0,,,,,,,,66.7,2,4,50.0
2435_2625,457,Lark,Monotonous,Mirafra,passerina,,,,0.0,,,,,,,,33.3,1,4,25.0
2435_2625,458,Lark,Rufous-naped,Mirafra,africana,,,,100.0,,,,,,,,0.0,1,4,25.0
2435_2625,460,Lark,Sabota,Calendulauda,sabota,,,,0.0,,,,,,,,33.3,1,4,25.0
2435_2625,484,Sparrow-Lark,"Chestnut-backed ",Eremopterix,leucotis,,,,100.0,,,,,,,,0.0,1,4,25.0
2435_2625,493,Swallow,Barn,Hirundo,rustica,,,,0.0,,,,,,,,100.0,3,4,75.0
2435_2625,501,Swallow,Red-breasted,Cecropis,semirufa,,,,0.0,,,,,,,,66.7,2,4,50.0
2435_2625,503,Swallow,"Lesser Striped",Cecropis,abyssinica,,,,100.0,,,,,,,,66.7,3,4,75.0
2435_2625,514,Tit,Ashy,Melaniparus,cinerascens,,,,0.0,,,,,,,,33.3,1,4,25.0
2435_2625,517,Drongo,Fork-tailed,Dicrurus,adsimilis,,,,100.0,,,,,,,,33.3,2,4,50.0
2435_2625,521,Oriole,Black-headed,Oriolus,larvatus,,,,0.0,,,,,,,,33.3,1,4,25.0
2435_2625,522,Crow,Pied,Corvus,albus,,,,100.0,,,,,,,,0.0,1,4,25.0
2435_2625,527,Tit,"Southern Black",Melaniparus,niger,,,,0.0,,,,,,,,33.3,1,4,25.0
2435_2625,533,Babbler,Arrow-marked,Turdoides,jardineii,,,,0.0,,,,,,,,33.3,1,4,25.0
2435_2625,536,Babbler,"Southern Pied",Turdoides,bicolor,,,,0.0,,,,,,,,33.3,1,4,25.0
2435_2625,544,Bulbul,"African Red-eyed",Pycnonotus,nigricans,,,,100.0,,,,,,,,33.3,2,4,50.0
2435_2625,552,Thrush,Kurrichane,Turdus,libonyana,,,,0.0,,,,,,,,66.7,2,4,50.0
2435_2625,575,Chat,"Ant-eating ",Myrmecocichla,formicivora,,,,0.0,,,,,,,,33.3,1,4,25.0
2435_2625,588,"Scrub Robin",White-browed,Cercotrichas,leucophrys,,,,0.0,,,,,,,,66.7,2,4,50.0
2435_2625,599,Warbler,Willow,Phylloscopus,trochilus,,,,0.0,,,,,,,,33.3,1,4,25.0
2435_2625,601,Eremomela,Burnt-necked,Eremomela,usticollis,,,,0.0,,,,,,,,33.3,1,4,25.0
2435_2625,614,Wren-Warbler,Barred,Calamonastes,fasciolatus,,,,0.0,,,,,,,,100.0,3,4,75.0
2435_2625,621,Crombec,Long-billed,Sylvietta,rufescens,,,,0.0,,,,,,,,100.0,3,4,75.0
2435_2625,628,Camaroptera,Grey-backed,Camaroptera,brevicaudata,,,,0.0,,,,,,,,100.0,3,4,75.0
2435_2625,629,Cisticola,Zitting,Cisticola,juncidis,,,,0.0,,,,,,,,33.3,1,4,25.0
2435_2625,630,Cisticola,Desert,Cisticola,aridulus,,,,0.0,,,,,,,,33.3,1,4,25.0
2435_2625,642,Cisticola,Rattling,Cisticola,chiniana,,,,0.0,,,,,,,,100.0,3,4,75.0
2435_2625,649,Prinia,Tawny-flanked,Prinia,subflava,,,,0.0,,,,,,,,66.7,2,4,50.0
2435_2625,650,Prinia,Black-chested,Prinia,flavicans,,,,0.0,,,,,,,,66.7,2,4,50.0
2435_2625,654,Flycatcher,Spotted,Muscicapa,striata,,,,0.0,,,,,,,,33.3,1,4,25.0
2435_2625,658,Warbler,Chestnut-vented,Curruca,subcoerulea,,,,0.0,,,,,,,,100.0,3,4,75.0
2435_2625,661,Flycatcher,Marico,Melaenornis,mariquensis,,,,100.0,,,,,,,,0.0,1,4,25.0
2435_2625,673,Batis,Chinspot,Batis,molitor,,,,0.0,,,,,,,,66.7,2,4,50.0
2435_2625,695,Pipit,Buffy,Anthus,vaalensis,,,,0.0,,,,,,,,33.3,1,4,25.0
2435_2625,706,Shrike,"Lesser Grey",Lanius,minor,,,,0.0,,,,,,,,33.3,1,4,25.0
2435_2625,708,Shrike,Red-backed,Lanius,collurio,,,,0.0,,,,,,,,100.0,3,4,75.0
2435_2625,709,Boubou,Southern,Laniarius,ferrugineus,,,,0.0,,,,,,,,33.3,1,4,25.0
2435_2625,711,Shrike,Crimson-breasted,Laniarius,atrococcineus,,,,100.0,,,,,,,,66.7,3,4,75.0
2435_2625,712,Puffback,Black-backed,Dryoscopus,cubla,,,,0.0,,,,,,,,66.7,2,4,50.0
2435_2625,714,Tchagra,Brown-crowned,Tchagra,australis,,,,0.0,,,,,,,,33.3,1,4,25.0
2435_2625,719,Bushshrike,Orange-breasted,Chlorophoneus,sulfureopectus,,,,0.0,,,,,,,,33.3,1,4,25.0
2435_2625,731,,Brubru,Nilaus,afer,,,,100.0,,,,,,,,33.3,2,4,50.0
2435_2625,734,Myna,Common,Acridotheres,tristis,,,,0.0,,,,,,,,33.3,1,4,25.0
2435_2625,735,Starling,Wattled,Creatophora,cinerea,,,,0.0,,,,,,,,100.0,3,4,75.0
2435_2625,737,Starling,Cape,Lamprotornis,nitens,,,,0.0,,,,,,,,100.0,3,4,75.0
2435_2625,748,Oxpecker,Red-billed,Buphagus,erythrorynchus,,,,0.0,,,,,,,,66.7,2,4,50.0
2435_2625,755,Sunbird,Marico,Cinnyris,mariquensis,,,,0.0,,,,,,,,33.3,1,4,25.0
2435_2625,763,Sunbird,White-bellied,Cinnyris,talatala,,,,0.0,,,,,,,,33.3,1,4,25.0
2435_2625,779,Weaver,"Red-billed Buffalo",Bubalornis,niger,,,,0.0,,,,,,,,33.3,1,4,25.0
2435_2625,780,Sparrow-Weaver,"White-browed ",Plocepasser,mahali,,,,0.0,,,,,,,,33.3,1,4,25.0
2435_2625,786,Sparrow,Cape,Passer,melanurus,,,,0.0,,,,,,,,33.3,1,4,25.0
2435_2625,789,Weaver,"Scaly-feathered ",Sporopipes,squamifrons,,,,0.0,,,,,,,,33.3,1,4,25.0
2435_2625,792,Weaver,"Lesser Masked",Ploceus,intermedius,,,,0.0,,,,,,,,33.3,1,4,25.0
2435_2625,803,Weaver,"Southern Masked ",Ploceus,velatus,,,,0.0,,,,,,,,66.7,2,4,50.0
2435_2625,805,Quelea,Red-billed,Quelea,quelea,,,,0.0,,,,,,,,66.7,2,4,50.0
2435_2625,812,Bishop,Yellow-crowned,Euplectes,afer,,,,0.0,,,,,,,,33.3,1,4,25.0
2435_2625,814,Widowbird,White-winged,Euplectes,albonotatus,,,,0.0,,,,,,,,33.3,1,4,25.0
2435_2625,820,Finch,Red-headed,Amadina,erythrocephala,,,,0.0,,,,,,,,33.3,1,4,25.0
2435_2625,830,Pytilia,Green-winged,Pytilia,melba,,,,100.0,,,,,,,,33.3,2,4,50.0
2435_2625,839,Waxbill,Blue,Uraeginthus,angolensis,,,,100.0,,,,,,,,100.0,4,4,100.0
2435_2625,840,Waxbill,Violet-eared,Granatina,granatina,,,,0.0,,,,,,,,33.3,1,4,25.0
2435_2625,841,Waxbill,Black-faced,Brunhilda,erythronotos,,,,100.0,,,,,,,,33.3,2,4,50.0
2435_2625,846,Whydah,Pin-tailed,Vidua,macroura,,,,0.0,,,,,,,,33.3,1,4,25.0
2435_2625,847,Whydah,Shaft-tailed,Vidua,regia,,,,0.0,,,,,,,,33.3,1,4,25.0
